submercado,nombre,actividad,estado,inicio_operacion
ENVC,ENERVISA S.A.S E.S.P.,COMERCIALIZACIÓN,OPERACION,2021-02-04
CMMC,CARIBEMAR DE LA COSTA S.A.S. E.S.P.,COMERCIALIZACIÓN,OPERACION,2021-01-13
CHZG,CENTRAL HIDROELÉCTRICA ZEUS SAS ESP,GENERACIÓN,OPERACION,2020-12-28
CVZC,CELLVOZ COLOMBIA SERVICIOS INTEGRALES S.A. E.S.P.,COMERCIALIZACIÓN,OPERACION,2020-12-18
GNYG,GREENYELLOW COMERCIALIZADORA S.A.S. E.S.P.,GENERACIÓN,OPERACION,2020-12-17
PCEC,PROMOENERCOL COMERCIALIZADORA DE ENERGÍA S.A.S E.S.P,COMERCIALIZACIÓN,OPERACION,2020-12-04
DARC,EMPRESA DE SERVICIOS PÚBLICOS DOMICILIARIOS DE CARMEN DEL DARIEN S.A E.S.P,COMERCIALIZACIÓN,OPERACION,2020-12-02
UGAC,UNIGAS ENERGY S.A.S. EMPRESA DE SERVICIO PÚBLICO,COMERCIALIZACIÓN,OPERACION,2020-11-26
TGEG,TECHNOELITE GREEN ENERGY S.A.S. E.S.P,GENERACIÓN,OPERACION,2020-11-26
EMRC,ELECTRIFICADORA DEL MUNICIPIO DE RIOSUCIO CHOCO S.A. E.S.P.,COMERCIALIZACIÓN,OPERACION,2020-11-24
HDTG,HIDROTOLIMA S.A. E.S.P.,GENERACIÓN,OPERACION,2020-11-24
GAPC,GAP ENERGY GROUP SAS ESP,COMERCIALIZACIÓN,OPERACION,2020-11-04
TGEC,TECHNOELITE GREEN ENERGY S.A.S. E.S.P,COMERCIALIZACIÓN,OPERACION,2020-11-04
EXIC,ENERXIA COLOMBIA SAS ESP,COMERCIALIZACIÓN,OPERACION,2020-10-21
IAEC,IA ENERGÍA Y GESTIÓN S.A.S. E.S.P.,COMERCIALIZACIÓN,OPERACION,2020-10-20
CSSC,AIR- E S.A.S. E.S.P.,COMERCIALIZACIÓN,OPERACION,2020-10-13
CSSD,AIR- E S.A.S. E.S.P.,DISTRIBUCIÓN,OPERACION,2020-10-13
AAGG,AAGES DEVELOPMENT COLOMBIA S.A.S E.S.P.,GENERACIÓN,OPERACION,2020-10-07
EGPG,ENEL GREEN POWER COLOMBIA S.A.S. E.S.P.,GENERACIÓN,OPERACION,2020-10-01
GRNG,GENERADORA RIO NEGRO S.A.S. E.S.P.,GENERACIÓN,OPERACION,2020-09-25
GCEG,GENERADORA COLOMBIANA DE ELECTRICIDAD S.A. E.S.P.,GENERACIÓN,OPERACION,2020-09-18
DEPC,DEPI ENERGY S.A.S. E.S.P.,COMERCIALIZACIÓN,OPERACION,2020-09-11
PCYG,P.CH EL COCUYO SAS ESP,GENERACIÓN,OPERACION,2020-09-11
DCCC,DISTRIBUIDORA Y COMERCIALIZADORA DE ENERGÍA ELÉCTRICA DE EL CHARCO S.A.S. E.S.P.,COMERCIALIZACIÓN,OPERACION,2020-09-10
CMMD,CARIBEMAR DE LA COSTA S.A.S. E.S.P.,DISTRIBUCIÓN,OPERACION,2020-09-04
PRIG,PROELECTRICA S.A.S E.S.P.,GENERACIÓN,OPERACION,2020-08-11
GNYC,GREENYELLOW COMERCIALIZADORA S.A.S. E.S.P.,COMERCIALIZACIÓN,OPERACION,2020-08-11
PMGC,PLUS + EMPRESA DE SERVICIOS PUBLICOS DOMICILIARIOS DE GAS S.A.S.,COMERCIALIZACIÓN,OPERACION,2020-07-24
CBYC,CARBOENERGY SAS ESP,COMERCIALIZACIÓN,OPERACION,2020-07-02
EGHC,EMPRESA GENERADORA DE ENERGIA ELECTRICA DEL CHARCO S.A. E.S.P.,COMERCIALIZACIÓN,OPERACION,2020-07-01
BEIC,BEAM ENERGY INNOVATION S.A.S. E.S.P.,COMERCIALIZACIÓN,OPERACION,2020-06-30
IMDC,I + D ENERGY S.A.S ESP,COMERCIALIZACIÓN,OPERACION,2020-06-23
VESG,VOLTAJE EMPRESARIAL S.A.S. E.S.P.,GENERACIÓN,OPERACION,2020-06-08
SEIC,SOLUCIONES ENERGETICAS INTEGRALES DEL PACIFICO S.A.S. E.S.P.,COMERCIALIZACIÓN,OPERACION,2020-05-21
EGIC,CENTRO DE OPERACIONES ENERGÉTICAS E.S.P. S.A.S.,COMERCIALIZACIÓN,OPERACION,2020-04-23
GYEC,GAS Y ENERGIA DE COLOMBIA SAS ESP,COMERCIALIZACIÓN,OPERACION,2020-04-14
EGTC,ENERGETICOS S.A.S E.S.P.,COMERCIALIZACIÓN,OPERACION,2020-03-10
PRYC,PROENERGY S.A.S.E.S.P.,COMERCIALIZACIÓN,OPERACION,2020-02-26
XTEC,XT ENERGIA SAS ESP,COMERCIALIZACIÓN,OPERACION,2020-02-25
DEPG,DEPI ENERGY S.A.S. E.S.P.,GENERACIÓN,OPERACION,2020-02-24
TMFG,PRIME TERMOFLORES S.A.S. E.S.P.,GENERACIÓN,OPERACION,2020-02-07
EMMC,ECOMMERCIAL S.A.S. E.S.P.,COMERCIALIZACIÓN,OPERACION,2020-02-03
TRFG,TRINA SOLAR GENERADOR COLOMBIA - SAN FELIPE S.A.S. E.S.P.,GENERACIÓN,OPERACION,2020-01-03
TRNG,TRINA SOLAR GENERADOR COLOMBIA - CAMPANO S.A.S. E.S.P.,GENERACIÓN,OPERACION,2020-01-03
TRGG,TRINA SOLAR GENERADOR COLOMBIA - CARTAGO S.A.S. E.S.P.,GENERACIÓN,OPERACION,2020-01-03
SFEG,SANTA FE ENERGY ZOMAC S.A.S. E.S.P.,GENERACIÓN,OPERACION,2019-12-27
HEMG,HIDROENERGIA DE LA MONTAÑA S.A.S E.S.P,GENERACIÓN,OPERACION,2019-12-27
EPSC,CELSIA COLOMBIA S.A. E.S.P.,COMERCIALIZACIÓN,OPERACION,2019-12-19
EPSD,CELSIA COLOMBIA S.A. E.S.P.,DISTRIBUCIÓN,OPERACION,2019-12-19
EPST,CELSIA COLOMBIA S.A. E.S.P.,TRANSPORTE,OPERACION,2019-12-19
EPSG,CELSIA COLOMBIA S.A. E.S.P.,GENERACIÓN,OPERACION,2019-12-19
VESC,VOLTAJE EMPRESARIAL SAS ESP,COMERCIALIZACIÓN,OPERACION,2019-12-19
NMRC,ENERMAS SAS ESP,COMERCIALIZACIÓN,OPERACION,2019-12-12
NEUC,NEU ENERGY S.A.S E.S.P,COMERCIALIZACIÓN,OPERACION,2019-12-03
JMWG,JEMEIWAA KA I S.A.S. E.S.P.,GENERACIÓN,OPERACION,2019-11-28
VNRG,"VIENTOS DEL NORTE S.A.S. E.S.P.,",GENERACIÓN,OPERACION,2019-11-28
EOEG,EOLOS ENERGÍA S.A.S. E.S.P.,GENERACIÓN,OPERACION,2019-11-28
ETNC,ENERGY TRANSTIONS S.A.S. E.S.P,COMERCIALIZACIÓN,OPERACION,2019-10-24
SOEG,SOUTH32 ENERGY S.A.S E.S.P,GENERACIÓN,OPERACION,2019-10-18
JRDG,JULIA - RD S.A. E.S.P.,GENERACIÓN,OPERACION,2019-10-17
DDEC,D2 ENERGIA S.A.S. ESP,COMERCIALIZACIÓN,OPERACION,2019-10-11
SVCG,SVC ESP SAS ZOMAC,GENERACIÓN,OPERACION,2019-09-12
ELCC,EMPRESA COMERCIALIZADORA DE ENERGÍA ELÉCTRICA DE LA COSTA,COMERCIALIZACIÓN,OPERACION,2019-09-05
RTAG,RENOVATIO TRADING AMERICAS S.A.S. E.S.P,GENERACIÓN,OPERACION,2019-08-27
NORD,ELECNORTE SAS ESP,DISTRIBUCIÓN,OPERACION,2019-08-21
ESOD,EMPRESA DE SERVICIOS PÚBLICOS DEL OCCIDENTE COLOMBIANO,DISTRIBUCIÓN,INACTIVO,2019-08-05
BEAC,BEAM ENERGY S.A.S E.S.P.,COMERCIALIZACIÓN,INACTIVO,2019-07-15
PEEG,PROFESIONALES EN ENERGIA S.A. E.S.P.,GENERACIÓN,INACTIVO,2019-06-27
SOUC,SOUL ENERGY SAS ESP,COMERCIALIZACIÓN,OPERACION,2019-06-26
SPRG,ESPACIO PRODUCTIVO S.A.S. E.S.P.,GENERACIÓN,OPERACION,2019-06-18
NGPC,EMPRESA DE ENERGIA DE GUAPI S.A. E.S.P.,COMERCIALIZACIÓN,OPERACION,2019-05-29
EGEG,EMPRESA GENERADORA Y COMERCIALIZADORA DE ENERGIA ELECTRICA DE COLOMBIA S.A. E.S.P. - GENERADOR,GENERACIÓN,OPERACION,2019-05-20
EPID,CELSIA TOLIMA S.A. E.S.P.,DISTRIBUCIÓN,OPERACION,2019-05-13
EPIC,CELSIA TOLIMA S.A. E.S.P.,COMERCIALIZACIÓN,OPERACION,2019-05-12
HBCG,HIDROELECTRICA BARRANCAS SAS ESP,GENERACIÓN,OPERACION,2019-03-18
SPRC,ESPACIO PRODUCTIVO S.A.S. E.S.P.,COMERCIALIZACIÓN,OPERACION,2019-02-26
ESUG,ENERGIA DEL SUROESTE S.A. E.S.P.,GENERACIÓN,OPERACION,2019-02-19
ADCC,ENERGIA DEL RIO PIEDRAS S.A. E.S.P,COMERCIALIZACIÓN,OPERACION,2019-02-14
EONC,EON ENERGY SAS ESP,COMERCIALIZACIÓN,OPERACION,2019-01-31
EERD,EMPRESA ELECTRICA REGIONAL SAS ESP,DISTRIBUCIÓN,OPERACION,2018-12-11
VICC,EMPRESA DE ENERGÍA ELÉCTRICA DEL DEPARTAMENTO DEL VICHADA,COMERCIALIZACIÓN,OPERACION,2018-12-06
ESOC,EMPRESA DE SERVICIOS PÚBLICOS DEL OCCIDENTE COLOMBIANO,COMERCIALIZACIÓN,OPERACION,2018-11-23
CBNC,COLOMBINA ENERGIA SAS ESP,COMERCIALIZACIÓN,OPERACION,2018-11-19
GALC,GENERADORA ALEJANDRIA S.A.S. E.S.P.,COMERCIALIZACIÓN,OPERACION,2018-11-01
SFEC,SANTA FE ENERGY ZOMAC S.A.S. E.S.P.,COMERCIALIZACIÓN,OPERACION,2018-10-09
LTEC,LATINOAMERICAN ENERGY S.A.S E.S.P.,COMERCIALIZACIÓN,OPERACION,2018-09-18
PLSC,PLUSENERGY S.A.S. E.S.P.,COMERCIALIZACIÓN,OPERACION,2018-08-30
QIEC,QI ENERGY S.A.S. E.S.P.,COMERCIALIZACIÓN,OPERACION,2018-08-22
CNGD,CEN ENERGY S.A.S. E.S.P.,DISTRIBUCIÓN,OPERACION,2018-07-18
EEAD,ENERGÍA ELÉCTRICA DE LA COSTA ATLÁNTICA S.A.S E.S.P,DISTRIBUCIÓN,OPERACION,2018-07-16
CHSC,CH SAN MIGUEL S.A.S. E.S.P.,COMERCIALIZACIÓN,OPERACION,2018-07-10
EGPC,ENEL GREEN POWER COLOMBIA S.A.S. E.S.P.,COMERCIALIZACIÓN,OPERACION,2018-06-27
ECTC,ECOPETROL ENERGÍA S.A.S. E.S.P.,COMERCIALIZACIÓN,OPERACION,2018-06-25
ABAC,AURES BAJO S.A.S. E.S.P.,COMERCIALIZACIÓN,OPERACION,2018-06-13
GPEC,EMPRESA DE GENERACION Y PROMOCION DE ENERGIA DE ANTIOQUIA S.A. E.S.P.,COMERCIALIZACIÓN,OPERACION,2018-06-05
ABAG,AURES BAJO S.A.S. E.S.P.,GENERACIÓN,OPERACION,2018-05-18
EEBD,GRUPO ENERGIA BOGOTA SA ESP,DISTRIBUCIÓN,OPERACION,2018-04-06
EEBT,GRUPO ENERGIA BOGOTA SA ESP,TRANSPORTE,OPERACION,2018-04-06
JRDC,JULIA - RD S.A. E.S.P.,COMERCIALIZACIÓN,OPERACION,2018-03-15
RTAC,RENOVATIO TRADING AMERICAS S.A.S. E.S.P,COMERCIALIZACIÓN,OPERACION,2018-02-21
ECGC,EMPRESA PRESTADORA DE SERVICIOS ECO LOGICA  S.A.S E.S.P.,COMERCIALIZACIÓN,OPERACION,2018-02-07
SOCG,COMPAÑÍA ELÉCTRICA DE SOCHAGOTA  S.A. E.S.P.,GENERACIÓN,OPERACION,2018-01-23
NTCG,NITRO ENERGY COLOMBIA S.A.S. E.S.P.,GENERACIÓN,OPERACION,2018-01-22
NTCC,NITRO ENERGY COLOMBIA S.A.S. E.S.P.,COMERCIALIZACIÓN,OPERACION,2018-01-22
CHCT,CENTRAL HIDROELICTRICA DE CALDAS S.A. E.S.P.,TRANSPORTE,OPERACION,2017-11-30
GCYG,GENERADORA CANTAYÚS S.A.S E.S.P,GENERACIÓN,OPERACION,2017-11-10
TCET,TRANSMISORA COLOMBIANA DE ENERGIA S.A.S. E.S.P.,TRANSPORTE,OPERACION,2017-09-27
CNCC,OPERADOR NACIONAL DE ELECTRICIDAD CENACE,COMERCIALIZACIÓN,OPERACION,2017-08-29
CNCG,OPERADOR NACIONAL DE ELECTRICIDAD CENACE,GENERACIÓN,OPERACION,2017-08-29
GDEG,GENERACIÓN DE ENERGÍA S.A.S. E.S.P.,GENERACIÓN,INACTIVO,2017-07-26
LCSG,LA CASCADA S.A.S. E.S.P.,GENERACIÓN,OPERACION,2017-07-19
GPEG,EMPRESA DE GENERACION Y PROMOCION DE ENERGIA DE ANTIOQUIA S.A. E.S.P.,GENERACIÓN,OPERACION,2017-06-16
RPEC,RIOPAILA ENERGÍA S.A.S. E.S.P.,COMERCIALIZACIÓN,OPERACION,2017-05-25
RPEG,RIOPAILA ENERGÍA S.A.S. E.S.P.,GENERACIÓN,OPERACION,2017-05-25
SOEC,SOUTH32 ENERGY S.A.S E.S.P,COMERCIALIZACIÓN,OPERACION,2017-04-19
GDCC,GENDECAR S.A E.S.P,COMERCIALIZACIÓN,INACTIVO,2017-04-11
LESC,LINDE ENERGY SERVICES SAS ESP,COMERCIALIZACIÓN,OPERACION,2017-04-04
VPIC,VP INGENERGIA S.A. E.S.P.,COMERCIALIZACIÓN,INACTIVO,2017-03-09
CAFC,COMERCIALIZADORA DEL CAFE S.A.S E.S.P,COMERCIALIZACIÓN,OPERACION,2017-03-08
AESC,AGENTE EXPERTO EN SERVICIOS PÚBLICOS S.A.S E.S.P,COMERCIALIZACIÓN,OPERACION,2017-03-06
BDJG,BIOGAS DOÑA JUANA S.A.S. E.S.P,GENERACIÓN,OPERACION,2017-03-01
MJCC,MARERSA JEK COLOMBIA SAS ESP,COMERCIALIZACIÓN,INACTIVO,2017-02-01
CNRC,COENERSA S.A.S. E.S.P.,COMERCIALIZACIÓN,OPERACION,2017-01-31
GASC,GENERARCO S.A.S. E.S.P.,COMERCIALIZACIÓN,OPERACION,2017-01-24
AMRC,AMERICANA DE ENERGIA S.A.S. E.S.P.,COMERCIALIZACIÓN,OPERACION,2017-01-24
TMNG,TERMONORTE S.A.S. E.S.P,GENERACIÓN,OPERACION,2017-01-06
TECD,TRANSPORTADORA ELECTRICA DEL CARIBE S.A.S. E.S.P.,DISTRIBUCIÓN,OPERACION,2016-12-20
DEST,DESARROLLO ELÉCTRICO SURIA S.A.S. E.S.P.,TRANSPORTE,OPERACION,2016-12-20
AMZC,AGUAS DE MANIZALES SA ESP,COMERCIALIZACIÓN,INACTIVO,2016-11-16
EDID,ELECTRIFICADORA DEL CARIBE S.A. E.S.P,DISTRIBUCIÓN,OPERACION,2016-11-15
EDIC,ELECTRIFICADORA DEL CARIBE S.A. E.S.P,COMERCIALIZACIÓN,OPERACION,2016-11-15
CNAD,CONELCA S.A.S. E.S.P.,DISTRIBUCIÓN,OPERACION,2016-08-25
CCGG,CCG ENERGY S.A.S. E.S.P.,GENERACIÓN,OPERACION,2016-08-25
SMTC,SMARTEN S.A.S. E.S.P.,COMERCIALIZACIÓN,OPERACION,2016-08-24
TCIG,TERMOCANDELARIA S.C.A. E.S.P.,GENERACIÓN,OPERACION,2016-07-14
CTSC,COMPAÑIA ENERGETICA DEL TOLIMA S.A. E.S.P.,COMERCIALIZACIÓN,OPERACION,2016-06-14
CTSD,COMPAÑIA ENERGETICA DEL TOLIMA S.A. E.S.P.,DISTRIBUCIÓN,OPERACION,2016-06-14
GALG,GENERADORA ALEJANDRIA S.A.S. E.S.P.,GENERACIÓN,OPERACION,2016-05-19
HDTC,HIDROTOLIMA S.A. E.S.P.,COMERCIALIZACIÓN,OPERACION,2016-04-25
TRUC,TERMO RUBIALES S.A. E.S.P.,COMERCIALIZACIÓN,OPERACION,2016-04-04
FREC,FRANCA ENERGIA SA ESP,COMERCIALIZACIÓN,OPERACION,2016-03-31
GLMG,GENERADORA LUZMA S.A. E.S.P.,GENERACIÓN,OPERACION,2016-03-30
EDNG,EDN COLOMBIA S.A.S. E.S.P.,GENERACIÓN,OPERACION,2016-03-23
EDNC,EDN COLOMBIA S.A.S. E.S.P.,COMERCIALIZACIÓN,OPERACION,2016-03-23
CEEG,CENTRAL HIDROELÉCTRICA EL EDÉN S.A.S. E.S.P.,GENERACIÓN,OPERACION,2016-03-15
INNC,INDUSTRIA DE ENERGÍA COLOMBIANA S.A.S. E.S.P.,COMERCIALIZACIÓN,OPERACION,2016-03-10
AMPC,AMPERIA S.A. E.S.P.,COMERCIALIZACIÓN,OPERACION,2016-03-08
AXEG,AXIA ENERGIA S.A.S. E.S.P.,GENERACIÓN,OPERACION,2016-02-29
AXEC,AXIA ENERGIA S.A.S. E.S.P.,COMERCIALIZACIÓN,OPERACION,2016-02-29
TPRT,TUPROJECT S.A.S E.S.P.,TRANSPORTE,OPERACION,2016-02-01
ACEC,ASELCA COMERCIALIZADORA DE ENERGIA S.A. E.S.P.,COMERCIALIZACIÓN,OPERACION,2015-12-29
ACEG,ASELCA COMERCIALIZADORA DE ENERGIA S.A. E.S.P.,GENERACIÓN,INACTIVO,2015-12-29
GCMG,GENERCOMERCIAL S.A.S E.S.P,GENERACIÓN,OPERACION,2015-12-17
TMMG,TERMO MECHERO MORRO S.A.S E.S.P,GENERACIÓN,OPERACION,2015-12-15
TPLC,TERPEL ENERGÍA S.A.S. E.S.P.,COMERCIALIZACIÓN,OPERACION,2015-11-27
TCDG,TERMOCANDELARIA S.C.A.- E.S.P.,GENERACIÓN,INACTIVO,2015-11-21
GSAG,GENERSA S.A.S. E.S.P..,GENERACIÓN,OPERACION,2015-10-13
HCCC,CENTRAL HIDROELÉCTRICA CONCORDIA S.A.S. E.S.P,COMERCIALIZACIÓN,OPERACION,2015-10-05
HCCG,CENTRAL HIDROELÉCTRICA CONCORDIA S.A.S. E.S.P,GENERACIÓN,OPERACION,2015-09-16
SAFC,"INVERSIONES, SUMINISTROS  Y SERVICIOS SAFEANA S.A.S. E.S.P.",COMERCIALIZACIÓN,OPERACION,2015-09-07
TERG,TERMOTASAJERO DOS S.A. E.S.P.,GENERACIÓN,OPERACION,2015-08-10
ENGG,ENERGETICA S.A. E.S.P.,GENERACIÓN,OPERACION,2015-06-24
GCMC,GENERCOMERCIAL S.A.S E.S.P,COMERCIALIZACIÓN,OPERACION,2015-05-05
HDPG,HIDROELECTRICA DEL ALTO PORCE S A S E S P,GENERACIÓN,OPERACION,2015-04-20
RENG,RISARALDA ENERGIA S.A.S. E.S.P.,GENERACIÓN,OPERACION,2015-03-16
TMVG,TERMOVALLE S.A.S. E.S.P.,GENERACIÓN,OPERACION,2015-02-18
CMXG,CEMEX ENERGY S.A.S E.S.P.,GENERACIÓN,OPERACION,2014-10-23
CMXC,CEMEX ENERGY S.A.S E.S.P,COMERCIALIZACIÓN,OPERACION,2014-10-23
SREG,SURENERGY S.A.S. E.S.P.,GENERACIÓN,INACTIVO,2014-10-17
IACG,IAC ENERGY S.A.S. E.S.P.,GENERACIÓN,OPERACION,2014-10-09
HZEG,HZ ENERGY S.A.S. E.S.P.,GENERACIÓN,OPERACION,2014-07-04
ESPC,EMPRESA DE SERVICIOS PUBLICOS DE SANTANDER S.A E.S.P,COMERCIALIZACIÓN,OPERACION,2014-03-26
CTID,EMPRESAS MUNICIPALES DE CARTAGO E.S.P. INTERVENIDA,DISTRIBUCIÓN,OPERACION,2014-03-19
CTIC,EMPRESAS MUNICIPALES DE CARTAGO E.S.P. INTERVENIDA,COMERCIALIZACIÓN,OPERACION,2014-03-18
RQEC,ENERGIA Y AGUA S.A.S. E.S.P.,COMERCIALIZACIÓN,OPERACION,2014-02-05
ITCT,INTERCOLOMBIA S.A. E.S.P.,TRANSPORTE,OPERACION,2014-01-01
SCCC,SERVICIOS CONVERGENTES DE COLOMBIA S.A.S. E.S.P.,COMERCIALIZACIÓN,INACTIVO,2013-11-19
GSYC,GENERSYS S.A.S. E.S.P.,COMERCIALIZACIÓN,OPERACION,2013-09-05
TEMG,TERMOEMCALI I S.A. E.S.P.,GENERACIÓN,OPERACION,2013-04-08
ENIC,EMPRESA DE ENERGÍA DE ARAUCA E.S.P.  (INTERVENIDA),COMERCIALIZACIÓN,OPERACION,2013-03-21
ENID,EMPRESA DE ENERGÍA DE ARAUCA E.S.P.  (INTERVENIDA),DISTRIBUCIÓN,OPERACION,2013-03-21
MCHC,MC2 HIDROMARMATO S.A.S. E.S.P.,COMERCIALIZACIÓN,INACTIVO,2013-03-13
ADCG,ENERGIA DEL RIO PIEDRAS S.A. E.S.P.,GENERACIÓN,OPERACION,2013-02-22
CMPC,MUNICIPIO DE CAMPAMENTO,COMERCIALIZACIÓN,INACTIVO,2013-02-01
RENC,RISARALDA ENERGIA S.A.S. E.S.P.,COMERCIALIZACIÓN,INACTIVO,2013-01-25
GEEC,GENERAMOS ENERGIA S.A. E.S.P.,COMERCIALIZACIÓN,INACTIVO,2012-12-03
GPYG,GENERPUTUMAYO S.A.S. E.S.P.,GENERACIÓN,OPERACION,2012-11-06
ECRC,ENERGÍA CORPORATIVA S.A.S E.S.P,COMERCIALIZACIÓN,INACTIVO,2012-08-29
REDC,RED INK ENERGY E.S.P. S.A.S.,COMERCIALIZACIÓN,INACTIVO,2012-05-30
MCAC,EMPRESA MULTIPROPOSITO DE CALARCA S.A. E.S.P.,COMERCIALIZACIÓN,OPERACION,2012-05-03
CIVG,CELSIA S.A E.S.P.,GENERACIÓN,INACTIVO,2012-04-27
TYPG,TERMOYOPAL GENERACION 2 S.A.S E.S.P.,GENERACIÓN,OPERACION,2012-02-23
TMRG,CENTRAL TERMOELECTRICA EL MORRO 2 S.A.S. E.S.P.,GENERACIÓN,OPERACION,2012-02-21
GSAC,GENERSA S.A.S. E.S.P..,COMERCIALIZACIÓN,OPERACION,2012-01-20
GDIC,GENERADORA COMERCIALIZADORA Y DISTRIBUIDORA DE ENERGIA S.A.S. E.S.P.,COMERCIALIZACIÓN,INACTIVO,2012-01-18
GPLG,GRUPO POLIOBRAS S.A. E.S.P..,GENERACIÓN,INACTIVO,2012-01-03
SMAC,SMART COMERCIALIZADORA DE ENERGIA S.A.S. E.S.P.,COMERCIALIZACIÓN,INACTIVO,2011-12-26
GELG,GRUPO GELEC S.A.S. E.S.P.,GENERACIÓN,INACTIVO,2011-12-03
GELC,GRUPO GELEC S.A.S. E.S.P.,COMERCIALIZACIÓN,INACTIVO,2011-12-03
MPLC,EMPLUS S.A.S. E.S.P,COMERCIALIZACIÓN,INACTIVO,2011-11-08
ITLC,ITALCOL ENERGIA S.A. E.S.P.,COMERCIALIZACIÓN,OPERACION,2011-11-01
EITG,EPM ITUANGO S.A. E.S.P.,GENERACIÓN,INACTIVO,2011-09-02
HITG,HIDROELÉCTRICA ITUANGO S.A. E.S.P.,GENERACIÓN,INACTIVO,2011-09-02
FFEC,FORCEFUL ENERGY S.A.S. E.S.P.,COMERCIALIZACIÓN,OPERACION,2011-06-09
FERC,FUENTES DE ENERGIAS RENOVABLES S.A.S. E.S.P.,COMERCIALIZACIÓN,OPERACION,2011-03-22
ISAD,INTERCONEXION ELECTRICA S.A. E.S.P.,DISTRIBUCIÓN,INACTIVO,2011-01-31
GEEG,GENERAMOS ENERGIA S.A. E.S.P.,GENERACIÓN,OPERACION,2010-11-23
GNCC,VATIA S.A. E.S.P.,COMERCIALIZACIÓN,OPERACION,2010-11-12
GNCG,VATIA S.A. E.S.P.,GENERACIÓN,OPERACION,2010-11-12
HZEC,HZ ENERGY S.A.S. E.S.P,COMERCIALIZACIÓN,OPERACION,2010-11-10
CEOC,COMPAÑIA ENERGETICA DE OCCIDENTE S.A.S. ESP,COMERCIALIZACIÓN,OPERACION,2010-09-01
CEOD,COMPAÑIA ENERGETICA DE OCCIDENTE S.A.S. ESP,DISTRIBUCIÓN,OPERACION,2010-09-01
FACG,ENERMONT S.A. E.S.P.,GENERACIÓN,INACTIVO,2010-08-13
FACC,ENERMONT S.A. E.S.P.,COMERCIALIZACIÓN,INACTIVO,2010-08-13
PEEC,PROFESIONALES EN ENERGIA S.A. E.S.P.,COMERCIALIZACIÓN,OPERACION,2010-03-04
EFEC,E2 ENERGIA EFICIENTE S.A. E.S.P.,COMERCIALIZACIÓN,OPERACION,2009-12-01
COLC,COLENERGIA S.A. E.S.P.,COMERCIALIZACIÓN,OPERACION,2009-08-26
FICC,FICEA S.A. E.S.P.,COMERCIALIZACIÓN,INACTIVO,2009-07-17
DLRG,DICELER S.A. E.S.P.,GENERACIÓN,OPERACION,2009-05-13
CEUD,COMPANIA DE ELECTRICIDAD DEL CAUCA S.A. E.S.P. DISTRIBUIDOR,DISTRIBUCIÓN,INACTIVO,2009-01-08
CEUC,COMPANIA DE ELECTRICIDAD DEL CAUCA S.A. E.S.P.,COMERCIALIZACIÓN,INACTIVO,2009-01-08
EJCC,ENERGIA DEL EJE CAFETERO S.A. E.S.P.,COMERCIALIZACIÓN,INACTIVO,2008-12-01
ATSC,ATESA SERVICIOS AEROPORTUARIOS S.A. E.S.P,COMERCIALIZACIÓN,INACTIVO,2008-09-03
EMPC,EMSERPUCAR E.S.P.,COMERCIALIZACIÓN,OPERACION,2008-09-01
EMPD,EMPRESA MUNICIPAL DE SERVICIOS PUBLICOS DEL MUNICIPIO DE CARTAGENA DEL CHAIRA,DISTRIBUCIÓN,INACTIVO,2008-09-01
ERCG,ENERGIA RENOVABLE DE COLOMBIA S.A. E.S.P.,GENERACIÓN,OPERACION,2008-02-04
EVIG,ENERVIA S.A. E.S.P.,GENERACIÓN,INACTIVO,2007-09-12
ENDG,EMGESA S.A. E.S.P.,GENERACIÓN,OPERACION,2007-09-01
ENDC,EMGESA S.A. E.S.P.,COMERCIALIZACIÓN,OPERACION,2007-09-01
ENDT,EMGESA S.A. E.S.P.,TRANSPORTE,OPERACION,2007-09-01
PRMC,PROMIELECTRIC S.A. E.S.P.,COMERCIALIZACIÓN,INACTIVO,2007-06-07
CTMG,CENTRAL TERMOELECTRICA EL MORRO 1 S.A. E.S.P.,GENERACIÓN,INACTIVO,2007-04-25
GECC,GENERADORA Y COMERCIALIZADORA DE ENERGIA DEL CARIBE S.A. E.S.P.,COMERCIALIZACIÓN,OPERACION,2006-12-05
GECG,GENERADORA Y COMERCIALIZADORA DE ENERGIA DEL CARIBE S.A. E.S.P.,GENERACIÓN,OPERACION,2006-12-05
SNGC,SENERGY S.A. E.S.P.,COMERCIALIZACIÓN,INACTIVO,2006-11-24
ETAD,"ENERGIA, TELECOMUNICACIONES, ASEO Y ACUEDUCTO S.A. E.S.P.",DISTRIBUCIÓN,INACTIVO,2006-08-01
ETAC,"ENERGIA, TELECOMUNICACIONES, ASEO Y ACUEDUCTO S.A. E.S.P.",COMERCIALIZACIÓN,INACTIVO,2006-08-01
EDMC,ELECTRICARIBE MIPYMES DE ENERGIA S.A. E.S.P.,COMERCIALIZACIÓN,INACTIVO,2006-07-16
ECMC,ELECTROCOSTA MIPYMES DE ENERGIA S.A. E.S.P.,COMERCIALIZACIÓN,INACTIVO,2006-07-12
IEEC,INSTITUTO COLOMBIANO DE ENERGIA ELECTRICA,COMERCIALIZACIÓN,INACTIVO,2005-12-20
EVIC,ENERVIA S.A. E.S.P.,COMERCIALIZACIÓN,INACTIVO,2005-12-15
CTMC,CENTRAL TERMOELECTRICA EL MORRO 1 S.A. E.S.P.,COMERCIALIZACIÓN,INACTIVO,2005-12-05
ARMC,ASOCIADOS DE RECURSOS MERCANTILES S.A. E.S.P.,COMERCIALIZACIÓN,INACTIVO,2005-11-04
ETTC,ENERTOTAL S.A. E.S.P.,COMERCIALIZACIÓN,OPERACION,2005-10-31
GNIG,GENERAR S.A. E.S.P.  (REESTRUCTURADO),GENERACIÓN,INACTIVO,2005-10-29
NEGC,NUEVAS ENERGIAS S.A. E.S.P.,COMERCIALIZACIÓN,INACTIVO,2005-10-20
CCOC,ENERGIA EMPRESARIAL DE LA COSTA S.A. E.S.P.,COMERCIALIZACIÓN,INACTIVO,2005-10-11
CASD,EMPRESA DE ENERGIA DE CASANARE S.A. E.S.P.,DISTRIBUCIÓN,OPERACION,2005-02-04
CASC,EMPRESA DE ENERGIA DE CASANARE S.A. E.S.P.,COMERCIALIZACIÓN,OPERACION,2005-02-04
CENC,COMERCIALIZADORA ENERGETICA NACIONAL COLOMBIANA - CENCOL S.A. E.S.P.,COMERCIALIZACIÓN,INACTIVO,2004-12-23
CONC,COMERCIALIZADORA DE ENERGIA DEL CENTRO S.A. E.S.P.,COMERCIALIZACIÓN,INACTIVO,2004-12-06
ASTC,SISTEMA DE TRANSMISION NACIONAL,COMERCIALIZACIÓN,OPERACION,2004-11-05
EEGD,EMPRESA DE ENERGIA VALLE DEL GUAMUEZ S.A. E.S.P.,DISTRIBUCIÓN,INACTIVO,2004-08-12
HIMC,GESTION ENERGETICA S.A. E.S.P.,COMERCIALIZACIÓN,OPERACION,2004-04-07
HIMG,GESTION ENERGETICA S.A. E.S.P.,GENERACIÓN,OPERACION,2004-04-07
ESCC,ENERGIA SOCIAL DE LA COSTA S.A. E.S.P.,COMERCIALIZACIÓN,INACTIVO,2003-12-02
TYPC,TERMOYOPAL GENERACION 2 S.A. E.S.P.,COMERCIALIZACIÓN,INACTIVO,2003-11-09
CDCC,COMERCIALIZADORA ELECTRICA DE COLOMBIA S.A. E.S.P.,COMERCIALIZACIÓN,INACTIVO,2003-09-23
TLLD,ELECTRIFICADORA DEL TOLIMA S.A. E.S.P.  (LIQUIDACIÓN),DISTRIBUCIÓN,INACTIVO,2003-08-13
TLLG,ELECTRIFICADORA DEL TOLIMA S.A. E.S.P.  (LIQUIDACIÓN),GENERACIÓN,INACTIVO,2003-08-13
TLLC,ELECTRIFICADORA DEL TOLIMA S.A. E.S.P.  (LIQUIDACIÓN),COMERCIALIZACIÓN,INACTIVO,2003-08-13
ETSG,EMPRESA GENERADORA DE ENERGIA DEL TOLIMA S.A. E.S.P.,GENERACIÓN,INACTIVO,2003-08-05
ETSC,EMPRESA GENERADORA DE ENERGIA DEL TOLIMA S.A. E.S.P.,COMERCIALIZACIÓN,INACTIVO,2003-08-05
EMSG,ELECTRIFICADORA DEL META S.A. E.S.P.,GENERACIÓN,OPERACION,2003-06-11
TMFC,TERMOFLORES S.A. E.S.P.,COMERCIALIZACIÓN,INACTIVO,2003-04-16
ASCC,A.S.C. INGENIERIA S.A. E.S.P.,COMERCIALIZACIÓN,OPERACION,2003-03-14
IRIG,INGENIO RISARALDA S.A.,GENERACIÓN,INACTIVO,2003-02-28
MCAG,EMPRESA MULTIPROPOSITO DE CALARCA S.A. E.S.P.,GENERACIÓN,OPERACION,2003-01-03
ADGG,ANDINA DE GENERACION S.A. E.S.P.,GENERACIÓN,INACTIVO,2002-11-15
ADGC,ANDINA DE GENERACION S.A. E.S.P.,COMERCIALIZACIÓN,INACTIVO,2002-11-15
CALC,EMPRESAS PUBLICAS DE CALARCA E.S.P.,COMERCIALIZACIÓN,INACTIVO,2002-11-09
ESRC,ENERGIA Y SERVICIOS S.A. E.S.P.,COMERCIALIZACIÓN,INACTIVO,2002-10-11
PRIC,PROELECTRICA S.A.S E.S.P.,COMERCIALIZACIÓN,OPERACION,2002-10-09
PRID,PROELECTRICA & CIA. S.C.A. E.S.P,DISTRIBUCIÓN,INACTIVO,2002-10-09
EGVC,EMPRESA DE ENERGIA ELECTRICA DEL DEPARTAMENTO DEL GUAVIARE S.A. E.S.P.,COMERCIALIZACIÓN,OPERACION,2002-08-31
EGVD,EMPRESA DE ENERGIA ELECTRICA DEL DEPARTAMENTO DEL GUAVIARE S.A. E.S.P.,DISTRIBUCIÓN,OPERACION,2002-08-31
CEGC,COMERCIALIZADORA DE ENERGIA Y GAS COMBUSTIBLE S.A. E.S.P.  (LIQUIDACIÓN),COMERCIALIZACIÓN,INACTIVO,2002-08-06
EDPC,EMPRESA DISTRIBUIDORA DEL PACIFICO S.A. E.S.P.,COMERCIALIZACIÓN,OPERACION,2002-07-26
EDPD,EMPRESA DISTRIBUIDORA DEL PACIFICO S.A. E.S.P.,DISTRIBUCIÓN,OPERACION,2002-07-26
GLCG,GAS Y ELECTRICIDAD S.A. E.S.P. GELECSA E.S.P.,GENERACIÓN,INACTIVO,2002-06-18
CDIC,CENTRALES ELECTRICAS DEL CAUCA S.A. E.S.P.  (INTERVENIDA),COMERCIALIZACIÓN,OPERACION,2002-06-01
CDID,CENTRALES ELECTRICAS DEL CAUCA S.A. E.S.P.  (INTERVENIDA),DISTRIBUCIÓN,OPERACION,2002-06-01
CDIG,CENTRALES ELECTRICAS DEL CAUCA S.A. E.S.P.  (INTERVENIDA),GENERACIÓN,OPERACION,2002-06-01
EPAG,EMPRESAS PUBLICAS DE ARMENIA E.S.P.,GENERACIÓN,INACTIVO,2002-03-08
EPAC,EMPRESAS PUBLICAS DE ARMENIA E.S.P.,COMERCIALIZACIÓN,INACTIVO,2002-03-08
TSCG,BP EXPLORATION COMPANY COLOMBIA LIMITED,GENERACIÓN,INACTIVO,2002-02-22
TSCC,BP EXPLORATION COMPANY COLOMBIA LIMITED,COMERCIALIZACIÓN,INACTIVO,2002-02-22
EEGC,EMPRESA DE ENERGIA VALLE DEL GUAMUEZ S.A. E.S.P.,COMERCIALIZACIÓN,INACTIVO,2002-02-19
TRIG,TERMOCARTAGENA S.A. E.S.P.  (REESTRUCTURADO),GENERACIÓN,OPERACION,2002-01-25
TLIC,ELECTRIFICADORA DEL TOLIMA S.A. E.S.P.  (INTERVENIDA),COMERCIALIZACIÓN,INACTIVO,2002-01-18
TLID,ELECTRIFICADORA DEL TOLIMA S.A. E.S.P.  (INTERVENIDA),DISTRIBUCIÓN,INACTIVO,2002-01-18
TLIG,ELECTRIFICADORA DEL TOLIMA S.A. E.S.P.  (INTERVENIDA),GENERACIÓN,INACTIVO,2002-01-18
GENG,GENELEC S.A. E.S.P.,GENERACIÓN,INACTIVO,2001-12-11
GENC,GENELEC S.A. E.S.P.,COMERCIALIZACIÓN,INACTIVO,2001-12-11
NRCG,ENERCO S.A. E.S.P.,GENERACIÓN,OPERACION,2001-11-14
ERGG,ENERGIA E INGENIERIA ENERGING S.A. E.S.P.,GENERACIÓN,INACTIVO,2001-08-10
EYFC,ENERGIA Y FINANZAS S.A. E.S.P.,COMERCIALIZACIÓN,INACTIVO,2001-08-09
EYFG,ENERGIA Y FINANZAS S.A. E.S.P.,GENERACIÓN,INACTIVO,2001-08-09
TREC,TRANSACCIONES DE ENERGIA S.A. E.S.P.,COMERCIALIZACIÓN,INACTIVO,2001-05-30
CALG,EMPRESAS PUBLICAS DE CALARCA E.S.P.,GENERACIÓN,INACTIVO,2001-05-12
ECOC,ENERGIA DE COLOMBIA S.A. E.S.P.,COMERCIALIZACIÓN,INACTIVO,2000-12-22
CELC,COMERCIALIZADORA DE ELECTRICIDAD DEL CHOCO S.A. E.S.P.,COMERCIALIZACIÓN,INACTIVO,2000-12-04
EMED,EMPRESA MUNICIPAL DE ENERGIA ELECTRICA S.A. E.S.P.,DISTRIBUCIÓN,OPERACION,2000-10-07
EVSD,EMPRESA DE ENERGIA DEL VALLE DE SIBUNDOY S.A.,DISTRIBUCIÓN,OPERACION,2000-10-06
RTQD,RUITOQUE E.S.P.,DISTRIBUCIÓN,OPERACION,2000-10-06
EPCD,EMPRESAS PUBLICAS DE CARTAGO,DISTRIBUCIÓN,INACTIVO,2000-10-06
RIOC,ENERGIA DEL RIO GRANDE S.A. E.S.P.,COMERCIALIZACIÓN,INACTIVO,2000-07-11
NRCC,ENERCO S.A. E.S.P.,COMERCIALIZACIÓN,OPERACION,2000-07-08
CSEC,CONSORCIO ENERGETICO S.A. E.S.P.,COMERCIALIZACIÓN,INACTIVO,2000-06-13
EBPD,EMPRESA DE ENERGIA DEL BAJO PUTUMAYO S.A. E.S.P.,DISTRIBUCIÓN,OPERACION,2000-06-06
CCIC,EMPRESAS PUBLICAS DE CAUCASIA E.S.P.  (INTERVENIDO),COMERCIALIZACIÓN,INACTIVO,2000-05-27
CCID,EMPRESAS PUBLICAS  DE CAUCASIA S.A. E.S.P.R(INTERVENIDA),DISTRIBUCIÓN,INACTIVO,2000-05-27
PSPC,EMPRESAS PUBLICAS DE SAN PEDRO E.S.P.,COMERCIALIZACIÓN,INACTIVO,2000-05-18
COEC,COMPAÑIA COMERCIALIZADORA DE ENERGIA DEL CAUCA S.A. E.S.P.,COMERCIALIZACIÓN,INACTIVO,2000-05-11
EMIC,EMPRESAS MUNICIPALES DE CALI E.I.C.E. E.S.P.,COMERCIALIZACIÓN,OPERACION,2000-04-05
EMID,EMPRESAS MUNICIPALES DE CALI E.I.C.E. E.S.P.,DISTRIBUCIÓN,OPERACION,2000-04-05
EMIG,EMPRESAS MUNICIPALES DE CALI E.I.C.E. E.S.P.,GENERACIÓN,OPERACION,2000-04-05
NRSC,COMERCIALIZADORA DE ENERGIA Y SERVICIOS PUBLICOS S.A. E.S.P.,COMERCIALIZACIÓN,INACTIVO,2000-02-08
ECPC,ENRON COLOMBIA POWER MARKETING & CIA S.A. E.S.P.,COMERCIALIZACIÓN,INACTIVO,2000-02-08
ECPG,ENRON COLOMBIA POWER MARKETING & CIA S.A. E.S.P.,GENERACIÓN,INACTIVO,2000-02-08
RTQC,RUITOQUE E.S.P.,COMERCIALIZACIÓN,OPERACION,2000-01-25
TEBC,TURBOMACH ENERGIA BIOFILM S.A. E.S.P.,COMERCIALIZACIÓN,INACTIVO,2000-01-01
EBPC,EMPRESA DE ENERGIA DEL BAJO PUTUMAYO S.A. E.S.P.,COMERCIALIZACIÓN,OPERACION,1999-11-06
ENPC,ENERGIA Y ALUMBRADO DE PEREIRA S.A. E.S.P.,COMERCIALIZACIÓN,OPERACION,1999-09-30
ENPG,ENERGIA Y ALUMBRADO DE PEREIRA S.A. E.S.P.,GENERACIÓN,INACTIVO,1999-09-30
EMEC,EMPRESA MUNICIPAL DE ENERGIA ELECTRICA S.A. E.S.P.,COMERCIALIZACIÓN,OPERACION,1999-09-22
EMEG,EMPRESA MUNICIPAL DE ENERGIA ELECTRICA S.A. E.S.P.,GENERACIÓN,OPERACION,1999-09-22
CMRC,COMERCIALIZAR S.A. E.S.P.,COMERCIALIZACIÓN,INACTIVO,1999-09-16
ERGC,ENERGIA E INGENIERIA ENERGING S.A. E.S.P.,COMERCIALIZACIÓN,INACTIVO,1999-07-26
TRPC,TERMOPIEDRAS S.A. E.S.P.,COMERCIALIZACIÓN,OPERACION,1999-07-14
TRPG,TERMOPIEDRAS S.A. E.S.P.,GENERACIÓN,OPERACION,1999-07-14
GCEC,GENERADORA COLOMBIANA DE ELECTRICIDAD S.C.A.  E.S.P.,COMERCIALIZACIÓN,INACTIVO,1999-07-01
TCDC,TERMOCANDELARIA S.C.A.  E.S.P.,COMERCIALIZACIÓN,INACTIVO,1999-06-03
TMCG,TERMOCAUCA S.A.  E.S.P.,GENERACIÓN,INACTIVO,1999-05-25
TMCC,TERMOCAUCA S.A. E.S.P.,COMERCIALIZACIÓN,INACTIVO,1999-05-25
ELRC,ENERGIA Y ALUMBRADO S.A.  E.S.P.,COMERCIALIZACIÓN,INACTIVO,1999-04-19
GNRG,GENERAR S.A. E.S.P.,GENERACIÓN,INACTIVO,1999-04-01
ENEC,ENERGEN S.A. E.S.P.,COMERCIALIZACIÓN,INACTIVO,1999-02-26
CECC,COMERCIALIZADORA DE ENERGIA DE LA COSTA ATLANTICA,COMERCIALIZACIÓN,INACTIVO,1998-12-22
DLRC,DICELER S.A. E.S.P.,COMERCIALIZACIÓN,OPERACION,1998-12-12
ICEC,INVERSIONES Y COMERCIALIZADORA DE ENERGIA S.A. E.S.P.,COMERCIALIZACIÓN,INACTIVO,1998-12-02
TRST,TRANSELCA S.A. E.S.P,TRANSPORTE,OPERACION,1998-09-01
BIOG,BIOAISE S.A.,GENERACIÓN,INACTIVO,1998-07-29
ECAC,ELECTRIFICADORA DE LA COSTA ATLANTICA S.A. E.S.P.,COMERCIALIZACIÓN,INACTIVO,1998-07-24
ECAD,ELECTRIFICADORA DE LA COSTA ATLANTICA S.A. E.S.P.,DISTRIBUCIÓN,INACTIVO,1998-07-24
EDCD,ELECTRIFICADORA DEL CARIBE S.A. E.S.P.,DISTRIBUCIÓN,INACTIVO,1998-07-24
EDCC,ELECTRIFICADORA DEL CARIBE S.A. E.S.P.,COMERCIALIZACIÓN,INACTIVO,1998-07-24
CEAC,COMERCIALIZADORA DE ENERGIA Y AGUA S.A. E.S.P.,COMERCIALIZACIÓN,INACTIVO,1998-07-18
ENCC,ENERGIA CONFIABLE S.A. E.S.P.,COMERCIALIZACIÓN,INACTIVO,1998-01-23
ENMC,ENERMUNDO S.A. E.S.P,COMERCIALIZACIÓN,INACTIVO,1997-12-29
ROEC,R.O.A. ELECTRIC LTDA.,COMERCIALIZACIÓN,INACTIVO,1997-12-29
PECC,PROYECTOS ENERGETICOS DEL CAUCA S.A. E.S.P.,COMERCIALIZACIÓN,OPERACION,1997-12-26
PECG,PROYECTOS ENERGETICOS DEL CAUCA S.A. E.S.P.,GENERACIÓN,OPERACION,1997-12-26
EVSC,EMPRESA DE ENERGIA DEL VALLE DE SIBUNDOY S.A.,COMERCIALIZACIÓN,OPERACION,1997-12-26
TRDC,TERMOELECTRICA DE LA DORADA S.A. E.S.P.,COMERCIALIZACIÓN,INACTIVO,1997-11-24
EGCC,EMPRESA DE GENERACION DE CALI S.A. E.S.P.,COMERCIALIZACIÓN,INACTIVO,1997-11-20
EGCG,EMPRESA DE GENERACION DE CALI S.A. E.S.P.,GENERACIÓN,INACTIVO,1997-11-20
ECEC,EMPRESA COLOMBIANA DE ENERGIA S.A. E.S.P.,COMERCIALIZACIÓN,INACTIVO,1997-11-05
CDSC,CODENSA S.A. E.S.P.,COMERCIALIZACIÓN,OPERACION,1997-10-24
CDSD,CODENSA S.A. E.S.P.,DISTRIBUCIÓN,OPERACION,1997-10-24
EEPC,EMPRESA DE ENERGIA DE PEREIRA S.A. E.S.P.,COMERCIALIZACIÓN,OPERACION,1997-09-16
TMVC,TERMOVALLE S.C.A. E.S.P.,COMERCIALIZACIÓN,INACTIVO,1997-09-03
CAEC,COMERCIALIZADORA  ANDINA DE ENERGIA S.A. E.S.P.,COMERCIALIZACIÓN,INACTIVO,1997-09-01
EPTC,EMPRESA DE ENERGIA DEL PUTUMAYO S.A. E.S.P.,COMERCIALIZACIÓN,OPERACION,1997-08-21
EPTD,EMPRESA DE ENERGIA DEL PUTUMAYO S.A. E.S.P.,DISTRIBUCIÓN,OPERACION,1997-08-21
CMEC,COMPAÑIA NACIONAL DE ENERGIA S.A. E.S.P.,COMERCIALIZACIÓN,INACTIVO,1997-08-06
CMED,COMPAÑIA NACIONAL DE ENERGIA S.A. E.S.P.,DISTRIBUCIÓN,INACTIVO,1997-08-06
CMEG,COMPAÑIA NACIONAL DE ENERGIA S.A. E.S.P.,GENERACIÓN,INACTIVO,1997-08-06
MPBC,MOTO PLANTAS BRISTOL LTDA.,COMERCIALIZACIÓN,INACTIVO,1997-08-04
MPBG,MOTO PLANTAS BRISTOL LTDA.,GENERACIÓN,INACTIVO,1997-08-04
NRGD,ENERGIZAR DE OCCIDENTE S.A. E.S.P.,DISTRIBUCIÓN,INACTIVO,1997-08-01
CESC,COMERCIALIZADORA ELECTRICA DEL SINU S.A.,COMERCIALIZACIÓN,INACTIVO,1997-07-24
TGCC,TERMOGRAFIA DE LA COSTA LTDA,COMERCIALIZACIÓN,INACTIVO,1997-07-15
TGCD,TERMOGRAFIA DE LA COSTA LTDA,DISTRIBUCIÓN,INACTIVO,1997-07-15
ELEG,ELECTROENERGIA S.A.,GENERACIÓN,INACTIVO,1997-07-03
DCLC,DISTRIBUIDORA Y COMERCIALIZADORA DE ENERGIA ELECTRICA S.A. E.S.P.,COMERCIALIZACIÓN,OPERACION,1997-06-24
DCLD,DISTRIBUIDORA Y COMERCIALIZADORA  DE ENERGIA ELECTRICA S.A. E.S.P.,DISTRIBUCIÓN,INACTIVO,1997-06-24
ENGC,ENERGETICA S.A. E.S.P.,COMERCIALIZACIÓN,INACTIVO,1997-06-20
NRGC,ENERGIZAR DE OCCIDENTE S.A.,COMERCIALIZACIÓN,INACTIVO,1997-06-01
EMUG,EMPRESA URRA S.A. E.S.P.,GENERACIÓN,OPERACION,1997-05-15
FLSC,FLORES II S.A. & CIA. S.C.A. E.S.P.,COMERCIALIZACIÓN,INACTIVO,1997-05-06
REAC,REINGENIERIA ENERGETICA ASOCIADOS LTDA.,COMERCIALIZACIÓN,INACTIVO,1997-05-02
DIST,DISTASA S.A. E.S.P.,TRANSPORTE,OPERACION,1997-05-01
ENRC,ENERGIA COMPETITIVA S.A. E.S.P,COMERCIALIZACIÓN,INACTIVO,1997-04-21
ELEC,ELECTROENERGIA S.A.,COMERCIALIZACIÓN,INACTIVO,1997-04-15
EEOC,EMPRESA ELECTRICA DEL ORIENTE S.A. E.S.P.,COMERCIALIZACIÓN,INACTIVO,1997-02-25
TRMG,TERMOTASAJERO S.A. E.S.P.,GENERACIÓN,OPERACION,1997-02-21
TRMC,TERMOTASAJERO S.A. E.S.P.,COMERCIALIZACIÓN,INACTIVO,1997-02-21
ECCC,ENERSIS ENERGIA DE COLOMBIA S.A. E.S.P.  (LIQUIDACIÓN),COMERCIALIZACIÓN,INACTIVO,1997-02-01
EMCG,EMPRESAS MUNICIPALES DE CALI E.I.C.E. E.S.P.,GENERACIÓN,INACTIVO,1997-01-30
CHVC,AES CHIVOR & CIA. S.C.A. E.S.P.,COMERCIALIZACIÓN,OPERACION,1996-12-27
CHVG,AES CHIVOR & CIA. S.C.A. E.S.P.,GENERACIÓN,OPERACION,1996-12-27
CNST,CENTRALES ELECTRICAS DEL NORTE DE SANTANDER S.A. E.S.P.,TRANSPORTE,OPERACION,1996-12-01
EEPD,EMPRESA DE ENERGIA DE PEREIRA S.A. E.S.P.,DISTRIBUCIÓN,OPERACION,1996-12-01
EMUC,EMPRESA URRA S.A. E.S.P.,COMERCIALIZACIÓN,INACTIVO,1996-12-01
ECLD,EMPRESA DE ENERGIA DE CALI S.A. E.S.P.,DISTRIBUCIÓN,INACTIVO,1996-12-01
CMPD,MUNICIPIO DE CAMPAMENTO,DISTRIBUCIÓN,INACTIVO,1996-11-12
FRSC,FLORES III S.A. & CIA. S.C.A. E.S.P.,COMERCIALIZACIÓN,INACTIVO,1996-09-26
EMCD,EMPRESAS MUNICIPALES DE CALI E.I.C.E. E.S.P.,DISTRIBUCIÓN,INACTIVO,1996-09-10
MRLG,MERILECTRICA S.A. & CIA S.C.A. E.S.P.,GENERACIÓN,INACTIVO,1996-08-13
MRLC,MERILECTRICA S.A. & CIA S.C.A. E.S.P.,COMERCIALIZACIÓN,INACTIVO,1996-08-13
ICAC,I.C. ASESORIAS Y PROYECTOS LTDA.,COMERCIALIZACIÓN,INACTIVO,1996-08-08
EMGC,EMGESA S.A. E.S.P.  (FINALIZADO),COMERCIALIZACIÓN,INACTIVO,1996-08-01
SMRC,SOCIEDAD MARIÑO VILLEGAS S.A. E.S.P.,COMERCIALIZACIÓN,INACTIVO,1996-07-23
CEFC,COMERCIALIZADORA  DE ENERGIA LAS FLORES S.A. E.S.P.,COMERCIALIZACIÓN,INACTIVO,1996-07-06
GNUC,GENERADORA UNION S.A. E.S.P.,COMERCIALIZACIÓN,INACTIVO,1996-05-28
HVAC,HV ASOCIADOS S.A.,COMERCIALIZACIÓN,INACTIVO,1996-04-29
FLSG,FLORES II S.A. & CIA S.C.A. E.S.P.,GENERACIÓN,INACTIVO,1996-04-02
FRSG,FLORES III S.A. & CIA. S.C.A. E.S.P.,GENERACIÓN,INACTIVO,1996-04-02
FLRC,FIDEICOMISO FIDUGAN FLORES II,COMERCIALIZACIÓN,INACTIVO,1996-04-02
FLRG,FIDEICOMISO FIDUGAN FLORES II,GENERACIÓN,INACTIVO,1996-04-02
CNED,CONSORCIO NACIONAL DE ENERGIA S.A. E.S.P.,DISTRIBUCIÓN,INACTIVO,1996-02-14
CNEC,CONSORCIO NACIONAL DE ENERGIA S.A. E.S.P.,COMERCIALIZACIÓN,INACTIVO,1996-02-14
ENTC,MUNICIPIO DE ENTRERRIOS - ANTIOQUIA,COMERCIALIZACIÓN,INACTIVO,1996-02-01
ENTD,MUNICIPIO DE ENTRERRIOS - ANTIOQUIA,DISTRIBUCIÓN,INACTIVO,1996-02-01
CCSC,EMPRESAS PUBLICAS DE CAUCASIA E.S.P.,COMERCIALIZACIÓN,INACTIVO,1996-01-10
CCSD,EMPRESAS PUBLICAS DE CAUCASIA E.S.P.,DISTRIBUCIÓN,INACTIVO,1996-01-01
SNPC,MUNICIPIO DE SAN PEDRO DE LOS MILAGROS (ANT)  (ANT) - COMERCIALIZADOR,COMERCIALIZACIÓN,INACTIVO,1996-01-01
SNPD,MUNICIPIO DE SAN PEDRO DE LOS MILAGROS (ANT)  (ANT) - DISTRIBUIDOR,DISTRIBUCIÓN,INACTIVO,1996-01-01
YRMC,EMPRESAS PUBLICAS DE YARUMAL E.S.P.,COMERCIALIZACIÓN,INACTIVO,1996-01-01
YRMD,EMPRESAS PUBLICAS DE YARUMAL E.S.P.,DISTRIBUCIÓN,INACTIVO,1996-01-01
CRLT,CORPORACION ELECTRICA DE LA COSTA ATLANTICA S.A. E.S.P. TRANSPORTADOR,TRANSPORTE,INACTIVO,1995-09-01
ASTA,SISTEMA DE TRANSMISION NACIONAL,DISTRIBUCIÓN,OPERACION,1995-07-20
ESSC,ELECTRIFICADORA DE SANTANDER S.A. E.S.P.,COMERCIALIZACIÓN,OPERACION,1995-07-20
ASTN,SISTEMA DE TRANSMISION NACIONAL,TRANSPORTE,OPERACION,1995-07-20
EDQC,EMPRESA DE ENERGIA DEL QUINDIO S.A. E.S.P.,COMERCIALIZACIÓN,OPERACION,1995-07-20
EDQD,EMPRESA DE ENERGIA DEL QUINDIO S.A. E.S.P.,DISTRIBUCIÓN,OPERACION,1995-07-20
ESST,ELECTRIFICADORA DE SANTANDER S.A. E.S.P.,TRANSPORTE,OPERACION,1995-07-20
CETC,COMPAÑIA DE ELECTRICIDAD DE TULUA S.A. E.S.P.,COMERCIALIZACIÓN,OPERACION,1995-07-20
CETD,COMPAÑIA DE ELECTRICIDAD DE TULUA S.A. E.S.P.,DISTRIBUCIÓN,OPERACION,1995-07-20
CETG,COMPAÑIA DE ELECTRICIDAD DE TULUA S.A. E.S.P.,GENERACIÓN,OPERACION,1995-07-20
EMSD,ELECTRIFICADORA DEL META S.A. E.S.P.,DISTRIBUCIÓN,OPERACION,1995-07-20
EBSC,EMPRESA DE ENERGIA DE BOYACA S.A. E.S.P.,COMERCIALIZACIÓN,OPERACION,1995-07-20
EBSD,EMPRESA DE ENERGIA DE BOYACA S.A. E.S.P.,DISTRIBUCIÓN,OPERACION,1995-07-20
EBSG,EMPRESA DE ENERGIA DE BOYACA S.A. E.S.P.,GENERACIÓN,OPERACION,1995-07-20
CDNC,CENTRALES ELECTRICAS DE NARIÑO S.A. E.S.P.,COMERCIALIZACIÓN,OPERACION,1995-07-20
CDND,CENTRALES ELECTRICAS DE NARIÑO S.A. E.S.P.,DISTRIBUCIÓN,OPERACION,1995-07-20
CDNG,CENTRALES ELECTRICAS DE NARIÑO S.A. E.S.P.,GENERACIÓN,OPERACION,1995-07-20
CNSC,CENTRALES ELECTRICAS DEL NORTE DE SANTANDER S.A. E.S.P.,COMERCIALIZACIÓN,OPERACION,1995-07-20
CNSD,CENTRALES ELECTRICAS DEL NORTE DE SANTANDER S.A. E.S.P.,DISTRIBUCIÓN,OPERACION,1995-07-20
ISAT,INTERCONEXION ELECTRICA S.A. E.S.P.,TRANSPORTE,OPERACION,1995-07-20
CHCC,CENTRAL HIDROELECTRICA DE CALDAS S.A. E.S.P.,COMERCIALIZACIÓN,OPERACION,1995-07-20
CHCD,CENTRAL HIDROELECTRICA DE CALDAS S.A. E.S.P.,DISTRIBUCIÓN,OPERACION,1995-07-20
ESSD,ELECTRIFICADORA DE SANTANDER S.A. E.S.P.,DISTRIBUCIÓN,OPERACION,1995-07-20
CQTC,ELECTRIFICADORA DEL CAQUETA S.A. E.S.P.,COMERCIALIZACIÓN,OPERACION,1995-07-20
CQTD,ELECTRIFICADORA DEL CAQUETA S.A. E.S.P.,DISTRIBUCIÓN,OPERACION,1995-07-20
HLAC,ELECTRIFICADORA DEL HUILA S.A. E.S.P.,COMERCIALIZACIÓN,OPERACION,1995-07-20
HLAG,ELECTRIFICADORA DEL HUILA S.A. E.S.P.,GENERACIÓN,OPERACION,1995-07-20
HLAD,ELECTRIFICADORA DEL HUILA S.A. E.S.P.,DISTRIBUCIÓN,OPERACION,1995-07-20
EMSC,ELECTRIFICADORA DEL META S.A. E.S.P.,COMERCIALIZACIÓN,OPERACION,1995-07-20
EEPG,EMPRESA DE ENERGIA DE PEREIRA S.A. E.S.P.,GENERACIÓN,OPERACION,1995-07-20
TBSG,TERMOBARRANQUILLA S.A. E.S.P.,GENERACIÓN,OPERACION,1995-07-20
ISGC,ISAGEN S.A. E.S.P.,COMERCIALIZACIÓN,OPERACION,1995-07-20
ISGG,ISAGEN S.A. E.S.P.,GENERACIÓN,OPERACION,1995-07-20
EBST,EMPRESA DE ENERGIA DE BOYACA S.A. E.S.P.,TRANSPORTE,OPERACION,1995-07-20
EPMG,EMPRESAS PUBLICAS DE MEDELLIN E.S.P.,GENERACIÓN,OPERACION,1995-07-20
EPMC,EMPRESAS PUBLICAS DE MEDELLIN E.S.P.,COMERCIALIZACIÓN,OPERACION,1995-07-20
EPMD,EMPRESAS PUBLICAS DE MEDELLIN E.S.P.,DISTRIBUCIÓN,OPERACION,1995-07-20
VGT,VARIANTE GUATAPE,TRANSPORTE,OPERACION,1995-07-20
ESSG,ELECTRIFICADORA DE SANTANDER S.A. E.S.P.,GENERACIÓN,INACTIVO,1995-07-20
CHCG,CENTRAL HIDROELECTRICA DE CALDAS S.A. E.S.P.,GENERACIÓN,INACTIVO,1995-07-20
EECC,EMPRESA DE ENERGIA DE CUNDINAMARCA S.A. E.S.P.,COMERCIALIZACIÓN,INACTIVO,1995-07-20
EECD,EMPRESA DE ENERGIA DE CUNDINAMARCA S.A. E.S.P.,DISTRIBUCIÓN,INACTIVO,1995-07-20
EECG,EMPRESA DE ENERGIA DE CUNDINAMARCA S.A. E.S.P.,GENERACIÓN,INACTIVO,1995-07-20
EPPC,EMPRESAS PUBLICAS DE PEREIRA S.A. E.S.P.,COMERCIALIZACIÓN,INACTIVO,1995-07-20
CTGC,EMPRESAS MUNICIPALES DE CARTAGO S.A. E.S.P.,COMERCIALIZACIÓN,INACTIVO,1995-07-20
CTGD,EMPRESAS MUNICIPALES DE CARTAGO S.A. E.S.P.,DISTRIBUCIÓN,INACTIVO,1995-07-20
CHBC,CENTRAL HIDROELECTRICA DE BETANIA S.A. E.S.P.,COMERCIALIZACIÓN,INACTIVO,1995-07-20
CHBD,CENTRAL HIDROELECTRICA DE BETANIA S.A. E.S.P.,DISTRIBUCIÓN,INACTIVO,1995-07-20
CHBG,CENTRAL HIDROELECTRICA DE BETANIA S.A. E.S.P.,GENERACIÓN,INACTIVO,1995-07-20
EDQG,EMPRESA DE ENERGIA DEL QUINDIO S.A. E.S.P.,GENERACIÓN,INACTIVO,1995-07-20
EEBG,EMPRESA DE ENERGIA DE BOGOTA S.A. E.S.P.,GENERACIÓN,INACTIVO,1995-07-20
CHDC,CHIDRAL S.A - E.S.P,COMERCIALIZACIÓN,INACTIVO,1995-07-20
CRLG,CORPORACION ELECTRICA DE LA COSTA ATLANTICA S.A. E.S.P.,GENERACIÓN,INACTIVO,1995-07-20
BLVC,ELECTRIFICADORA DE BOLIVAR S.A. E.S.P.,COMERCIALIZACIÓN,INACTIVO,1995-07-20
BLVD,ELECTRIFICADORA DE BOLIVAR S.A. E.S.P.,DISTRIBUCIÓN,INACTIVO,1995-07-20
BLVG,ELECTRIFICADORA DE BOLIVAR S.A. E.S.P.,GENERACIÓN,INACTIVO,1995-07-20
CRDC,ELECTRIFICADORA DE CORDOBA S.A. E.S.P.,COMERCIALIZACIÓN,INACTIVO,1995-07-20
CRDD,ELECTRIFICADORA DE CORDOBA S.A. E.S.P.,DISTRIBUCIÓN,INACTIVO,1995-07-20
CRDG,ELECTRIFICADORA DE CORDOBA S.A. E.S.P.,GENERACIÓN,INACTIVO,1995-07-20
CRLC,CORPORACION ELECTRICA DE LA COSTA ATLANTICA S.A. E.S.P.,COMERCIALIZACIÓN,INACTIVO,1995-07-20
TLMC,ELECTRIFICADORA DEL TOLIMA S.A. E.S.P.,COMERCIALIZACIÓN,INACTIVO,1995-07-20
EEBC,EMPRESA DE ENERGIA DE BOGOTA S.A. E.S.P.,COMERCIALIZACIÓN,INACTIVO,1995-07-20
CNSG,CENTRALES ELECTRICAS DEL NORTE DE SANTANDER S.A. E.S.P.,GENERACIÓN,INACTIVO,1995-07-20
CHDG,CENTRAL HIDROELECTRICA DEL RIO ANCHICAYA S.A. E.S.P.,GENERACIÓN,INACTIVO,1995-07-20
EPPD,EMPRESAS PUBLICAS DE PEREIRA S.A. E.S.P.,DISTRIBUCIÓN,INACTIVO,1995-07-20
ECLC,EMPRESA DE ENERGIA DE CALI S.A. E.S.P.,COMERCIALIZACIÓN,INACTIVO,1995-07-20
MGGD,EMPRESA DE ENERGIA ELECTRICA DE MAGANGUE S.A. E.S.P.  (LIQUIDACION),DISTRIBUCIÓN,INACTIVO,1995-07-20
ENLC,EMPRESA DE ENERGIA ELECTRICA DEL ARAUCA,COMERCIALIZACIÓN,INACTIVO,1995-07-20
ENLD,EMPRESA DE ENERGIA ELECTRICA DEL ARAUCA,DISTRIBUCIÓN,INACTIVO,1995-07-20
CHOC,ELECTRIFICADORA DEL CHOCO S.A.  (LIQUIDACIÓN),COMERCIALIZACIÓN,INACTIVO,1995-07-20
CHOD,ELECTRIFICADORA DEL CHOCO S.A.  (LIQUIDACIÓN),DISTRIBUCIÓN,INACTIVO,1995-07-20
MGDC,ELECTRIFICADORA DEL MAGDALENA S.A. E.S.P.  (LIQUIDACIÓN),COMERCIALIZACIÓN,INACTIVO,1995-07-20
CHBT,CENTRAL HIDROELECTRICA DE BETANIA S.A. E.S.P.,TRANSPORTE,INACTIVO,1995-07-20
EMGG,EMGESA S.A. E.S.P.  (FINALIZADO),GENERACIÓN,INACTIVO,1995-07-20
EADG,EMPRESA ANTIOQUEÑA DE ENERGIA S.A. E.S.P.,GENERACIÓN,INACTIVO,1995-07-20
EADD,EMPRESA ANTIOQUEÑA DE ENERGIA S.A. E.S.P.,DISTRIBUCIÓN,INACTIVO,1995-07-20
GJRC,ELECTRIFICADORA DE LA GUAJIRA S.A. E.S.P.  (LIQUIDACIÓN),COMERCIALIZACIÓN,INACTIVO,1995-07-20
GJRD,ELECTRIFICADORA DE LA GUAJIRA S.A. E.S.P.  (LIQUIDACIÓN),DISTRIBUCIÓN,INACTIVO,1995-07-20
SCRC,ELECTRIFICADORA DE SUCRE S.A. E.S.P.  (LIQUIDACIÓN),COMERCIALIZACIÓN,INACTIVO,1995-07-20
SCRD,ELECTRIFICADORA DE SUCRE S.A. E.S.P.  (LIQUIDACIÓN),DISTRIBUCIÓN,INACTIVO,1995-07-20
ATLC,ELECTRIFICADORA DEL ATLANTICO S.A. E.S.P.,COMERCIALIZACIÓN,INACTIVO,1995-07-20
ATLD,ELECTRIFICADORA DEL ATLANTICO S.A. E.S.P.,DISTRIBUCIÓN,INACTIVO,1995-07-20
ATLG,ELECTRIFICADORA DEL ATLANTICO S.A. E.S.P.,GENERACIÓN,INACTIVO,1995-07-20
CSRC,ELECTRIFICADORA DEL CESAR S.A. ELECTROCESAR E.S.P.,COMERCIALIZACIÓN,INACTIVO,1995-07-20
TRCG,TERMOCARTAGENA S.A. E.S.P.,GENERACIÓN,INACTIVO,1995-07-20
TRDG,TERMOELECTRICA DE LA DORADA S.A. E.S.P.,GENERACIÓN,INACTIVO,1995-07-20
PRLC,PROELECTRICA & CIA. S.C.A. E.S.P.,COMERCIALIZACIÓN,INACTIVO,1995-07-20
PRLG,PROELECTRICA & CIA. S.C.A. E.S.P.,GENERACIÓN,INACTIVO,1995-07-20
CDLC,CENTRALES ELECTRICAS DEL CAUCA S.A. E.S.P.,COMERCIALIZACIÓN,INACTIVO,1995-07-20
CDLD,CENTRALES ELECTRICAS DEL CAUCA S.A. E.S.P.,DISTRIBUCIÓN,INACTIVO,1995-07-20
CDLG,CENTRALES ELECTRICAS DEL CAUCA S.A. E.S.P.,GENERACIÓN,INACTIVO,1995-07-20
TLMD,ELECTRIFICADORA DEL TOLIMA S.A. E.S.P.,DISTRIBUCIÓN,INACTIVO,1995-07-20
TLMG,ELECTRIFICADORA DEL TOLIMA S.A. E.S.P.,GENERACIÓN,INACTIVO,1995-07-20
MGGC,EMPRESA DE ENERGIA ELECTRICA DE MAGANGUE S.A. E.S.P.  (LIQUIDACIÓN),COMERCIALIZACIÓN,INACTIVO,1995-07-20
EMCC,EMPRESAS MUNICIPALES DE CALI E.I.C.E. E.S.P.,COMERCIALIZACIÓN,INACTIVO,1995-07-20
CRLD,CORPORACION ELECTRICA DE LA COSTA ATLANTICA S.A. E.S.P.,DISTRIBUCIÓN,INACTIVO,1995-07-20
EADC,EMPRESA ANTIOQUEÑA DE ENERGIA S.A. E.S.P.  (LIQUIDACIÓN),COMERCIALIZACIÓN,INACTIVO,1995-07-20
MGDD,ELECTRIFICADORA DEL MAGDALENA S.A. E.S.P.R(LIQUIDACIÓN),DISTRIBUCIÓN,INACTIVO,1995-07-20
CSRD,ELECTRIFICADORA DEL CESAR S.A. E.S.P.,DISTRIBUCIÓN,INACTIVO,1995-07-20
EPMT,EMPRESAS PUBLICAS DE MEDELLIN E.S.P.,TRANSPORTE,OPERACION,1995-01-01
ICLG,INSTITUTO COLOMBIANO DE ENERGIA ELECTRICA,GENERACIÓN,INACTIVO,1995-01-01
