Recurso ID,nombre,submercado,capacidad_efectiva,factor_conversion,es_menor,tipo_despacho,tipo_generacion,inicio_operacion,estado,nombre_agente,combustible,clasificacion
Cog0001,COGENERADOR BIOAISE 1,BIOE,1,0,NO,NO DESPACHADO CENTRALMENTE,COGENERADOR,1998-01-08 00:00:00,INACTIVO,BIOAISE S.A.,GAS,COGENERADOR
Cog0002,INCAUCA 1,INC1,10,0,NO,NO DESPACHADO CENTRALMENTE,COGENERADOR,10/21/1998 12:00:00 AM,OPERACION,NITRO ENERGY COLOMBIA S.A.S. E.S.P.,BAGAZO,COGENERADOR
Cog0003,COGENERADOR INGENIO PROVIDENCIA 1,INP1,0,0,NO,NO DESPACHADO CENTRALMENTE,COGENERADOR,2006-01-12 00:00:00,INACTIVO,EMPRESA DE ENERGIA DEL PACIFICO S.A. E.S.P.,BIOMASA,COGENERADOR
Cog0004,COGENERADOR PROENCA 1,PNC1,4,0,NO,NO DESPACHADO CENTRALMENTE,COGENERADOR,1999-01-01 00:00:00,INACTIVO,PROYECTOS ENERGETICOS DEL CAUCA S.A. E.S.P.,BAGAZO,COGENERADOR
Cog0005,INGENIO RISARALDA 1,IRG1,17,0,NO,NO DESPACHADO CENTRALMENTE,COGENERADOR,8/15/2003 12:00:00 AM,OPERACION,EMPRESA DE ENERGIA DE PEREIRA S.A. E.S.P.,BAGAZO,COGENERADOR
Cog0006,CENTRAL CASTILLA 1,CAS1,3,0,NO,NO DESPACHADO CENTRALMENTE,COGENERADOR,8/15/2004 12:00:00 AM,OPERACION,RIOPAILA ENERGÍA S.A.S. E.S.P.,BAGAZO,COGENERADOR
Cog0007,INGENIO RIOPAILA 1,RPL1,16,0,NO,NO DESPACHADO CENTRALMENTE,COGENERADOR,5/21/2018 12:00:00 AM,OPERACION,RIOPAILA ENERGÍA S.A.S. E.S.P.,BAGAZO,COGENERADOR
Cog0009,CENTRAL TUMACO 1,CTMO,0,0,NO,NO DESPACHADO CENTRALMENTE,COGENERADOR,3/25/2007 12:00:00 AM,INACTIVO,EMPRESA DE ENERGIA DEL PACIFICO S.A. E.S.P.,BAGAZO,COGENERADOR
Cog0010,COGENERADOR COLTEJER 1,CLTJ,"9,4",0,NO,NO DESPACHADO CENTRALMENTE,COGENERADOR,12/19/2013 12:00:00 AM,OPERACION,EMPRESAS PUBLICAS DE MEDELLIN E.S.P.,CARBON,COGENERADOR
Cog0011,PAPELES NACIONALES,PPN1,0,0,NO,NO DESPACHADO CENTRALMENTE,COGENERADOR,2009-05-02 00:00:00,OPERACION,ENERCO S.A. E.S.P.,GAS,COGENERADOR
Cog0012,INGENIO PROVIDENCIA 2,CIP1,"19,9",0,NO,NO DESPACHADO CENTRALMENTE,COGENERADOR,5/18/2009 12:00:00 AM,OPERACION,NITRO ENERGY COLOMBIA S.A.S. E.S.P.,BAGAZO,COGENERADOR
Cog0013,INGENIO LA CARMELITA,ILC1,0,0,NO,NO DESPACHADO CENTRALMENTE,COGENERADOR,2009-11-11 00:00:00,OPERACION,CELSIA COLOMBIA S.A. E.S.P.,BAGAZO,COGENERADOR
Cog0014,MAYAGUEZ 1,CGM1,"19,9",0,NO,NO DESPACHADO CENTRALMENTE,COGENERADOR,8/17/2010 12:00:00 AM,OPERACION,CELSIA COLOMBIA S.A. E.S.P.,BAGAZO,COGENERADOR
Cog0015,INGENIO PICHICHI 1,PIC1,0,0,NO,NO DESPACHADO CENTRALMENTE,COGENERADOR,1/26/2010 12:00:00 AM,OPERACION,EMPRESA MUNICIPAL DE ENERGIA ELECTRICA S.A. E.S.P.,BAGAZO,COGENERADOR
Cog0016,INGENIO SAN CARLOS 1,CIS1,2,"29,26",NO,NO DESPACHADO CENTRALMENTE,COGENERADOR,7/23/2011 12:00:00 AM,OPERACION,DICELER S.A. E.S.P.,BAGAZO,COGENERADOR
Cog0017,COGENERADOR PROENCA,PNC1,"19,9",0,NO,NO DESPACHADO CENTRALMENTE,COGENERADOR,4/29/2014 12:00:00 AM,OPERACION,PROYECTOS ENERGETICOS DEL CAUCA S.A. E.S.P.,BAGAZO,COGENERADOR
Cog0018,INGENIO MANUELITA,MAN1,"3,5",0,NO,NO DESPACHADO CENTRALMENTE,COGENERADOR,3/17/2016 12:00:00 AM,INACTIVO,EMPRESA DE ENERGIA DEL PACIFICO S.A. E.S.P.,BAGAZO,COGENERADOR
Cog0020,COGENERADOR PROENCA II,2SXS,17,"0,1",NO,NO DESPACHADO CENTRALMENTE,COGENERADOR,3/25/2017 12:00:00 AM,INACTIVO,PROYECTOS ENERGETICOS DEL CAUCA S.A. E.S.P.,BAGAZO,COGENERADOR
Cog0021,BIOENERGY,2SXQ,"19,9","0,1",NO,NO DESPACHADO CENTRALMENTE,COGENERADOR,4/22/2017 12:00:00 AM,OPERACION,EMPRESA DE ENERGIA DE PEREIRA S.A. E.S.P.,BAGAZO,COGENERADOR
Cog0022,COGENERADOR MANUELITA 2,2UP2,12,"0,00001",NO,NO DESPACHADO CENTRALMENTE,COGENERADOR,6/22/2018 12:00:00 AM,OPERACION,CELSIA COLOMBIA S.A. E.S.P.,BAGAZO,COGENERADOR
Cog0023,INGENIO MARIA LUISA,3AL8,"1,8",0,NO,NO DESPACHADO CENTRALMENTE,COGENERADOR,1/31/2021 12:00:00 AM,OPERACION,DEPI ENERGY S.A.S. E.S.P.,BAGAZO,COGENERADOR
Eol0001,JEPIRACHI 1 - 15,JPR1,"18,42",0,SI,NO DESPACHADO CENTRALMENTE,EOLICA,4/27/2004 12:00:00 AM,OPERACION,EMPRESAS PUBLICAS DE MEDELLIN E.S.P.,VIENTO,NORMAL
Grp0001,ALTO ANCHICAYA,ALAG,355,35491,NO,DESPACHADO CENTRALMENTE,HIDRAULICA,1974-01-01 00:00:00,INACTIVO,EMPRESA DE ENERGIA DEL PACIFICO S.A. E.S.P.,AGUA,NORMAL
Grp0002,BAJO ANCHICAYA,BJAG,74,"0,7004",NO,DESPACHADO CENTRALMENTE,HIDRAULICA,1957-01-01 00:00:00,INACTIVO,EMPRESA DE ENERGIA DEL PACIFICO S.A. E.S.P.,AGUA,NORMAL
Grp0006,BETANIA,CHBG,540,"0,5935",NO,DESPACHADO CENTRALMENTE,HIDRAULICA,1987-01-11 00:00:00,OPERACION,EMGESA S.A. E.S.P.,AGUA,NORMAL
Grp0008,AMERICA,AMR1,"0,41",0,SI,NO DESPACHADO CENTRALMENTE,HIDRAULICA,1997-01-01 00:00:00,OPERACION,EMPRESAS PUBLICAS DE MEDELLIN E.S.P.,AGUA,NORMAL
Grp0009,CALIMA,CLMG,132,18322,NO,DESPACHADO CENTRALMENTE,HIDRAULICA,1967-01-01 00:00:00,OPERACION,CELSIA COLOMBIA S.A. E.S.P.,AGUA,NORMAL
Grp0011,AUTOG AYURA,AYR1,"16,7",0,SI,NO DESPACHADO CENTRALMENTE,HIDRAULICA,10/26/1983 12:00:00 AM,OPERACION,EMPRESAS PUBLICAS DE MEDELLIN E.S.P.,AGUA,AUTOGENERADOR
Grp0012,BELLO,BLL3,"0,35",0,SI,NO DESPACHADO CENTRALMENTE,HIDRAULICA,1997-01-01 00:00:00,OPERACION,EMPRESAS PUBLICAS DE MEDELLIN E.S.P.,AGUA,NORMAL
Grp0013,CHIVOR,CHVR,1000,68736,NO,DESPACHADO CENTRALMENTE,HIDRAULICA,5/23/1977 12:00:00 AM,OPERACION,AES CHIVOR & CIA. S.C.A. E.S.P.,AGUA,NORMAL
Grp0015,CAMPESTRE (EPM),CMP2,"0,87",0,SI,NO DESPACHADO CENTRALMENTE,HIDRAULICA,1997-01-01 00:00:00,OPERACION,EMPRESAS PUBLICAS DE MEDELLIN E.S.P.,AGUA,NORMAL
Grp0016,MANANTIALES,MNT1,"3,15",0,SI,NO DESPACHADO CENTRALMENTE,HIDRAULICA,1992-01-01 00:00:00,OPERACION,EMPRESAS PUBLICAS DE MEDELLIN E.S.P.,AGUA,NORMAL
Grp0017,NIMA,NIM1,"6,7",0,SI,NO DESPACHADO CENTRALMENTE,HIDRAULICA,1942-01-01 00:00:00,OPERACION,CELSIA COLOMBIA S.A. E.S.P.,AGUA,NORMAL
Grp0018,NUEVO LIBARE,LBR1,"5,1",0,SI,NO DESPACHADO CENTRALMENTE,HIDRAULICA,1994-01-01 00:00:00,OPERACION,EMPRESA DE ENERGIA DE PEREIRA S.A. E.S.P.,AGUA,NORMAL
Grp0019,ESMERALDA,ESMR,30,13202,NO,DESPACHADO CENTRALMENTE,HIDRAULICA,1963-01-01 00:00:00,OPERACION,EMPRESAS PUBLICAS DE MEDELLIN E.S.P.,AGUA,FILO DE AGUA
Grp0020,OVEJAS,OVJ1,"0,82",0,SI,NO DESPACHADO CENTRALMENTE,HIDRAULICA,1939-01-01 00:00:00,OPERACION,VATIA S.A. E.S.P.,AGUA,NORMAL
Grp0021,FLORIDA,FLRD,"19,9","0,8333",SI,NO DESPACHADO CENTRALMENTE,HIDRAULICA,1975-01-01 00:00:00,OPERACION,VATIA S.A. E.S.P.,AGUA,FILO DE AGUA
Grp0024,PASTALES,PST1,"0,7",0,SI,NO DESPACHADO CENTRALMENTE,HIDRAULICA,2/18/2004 12:00:00 AM,OPERACION,VATIA S.A. E.S.P.,AGUA,NORMAL
Grp0025,AUTG CEMENTOS DEL NARE,CMN1,9,0,NO,NO DESPACHADO CENTRALMENTE,HIDRAULICA,2004-01-09 00:00:00,OPERACION,EMPRESAS PUBLICAS DE MEDELLIN E.S.P.,AGUA,AUTOGENERADOR
Grp0026,GUATAPE,GTPE,560,70078,NO,DESPACHADO CENTRALMENTE,HIDRAULICA,1972-01-01 00:00:00,OPERACION,EMPRESAS PUBLICAS DE MEDELLIN E.S.P.,AGUA,NORMAL
Grp0027,GUAVIO,GVIO,1250,98252,NO,DESPACHADO CENTRALMENTE,HIDRAULICA,3/19/1993 12:00:00 AM,OPERACION,EMGESA S.A. E.S.P.,AGUA,NORMAL
Grp0028,LA HERRADURA,HRD1,"19,8","0,0001",SI,NO DESPACHADO CENTRALMENTE,HIDRAULICA,2004-03-09 00:00:00,OPERACION,EMPRESAS PUBLICAS DE MEDELLIN E.S.P.,AGUA,FILO DE AGUA
Grp0029,JAGUAS,JAGS,170,23503,NO,DESPACHADO CENTRALMENTE,HIDRAULICA,1988-01-07 00:00:00,OPERACION,ISAGEN S.A. E.S.P.,AGUA,NORMAL
Grp0031,LA TASAJERA,LTSJ,306,80935,NO,DESPACHADO CENTRALMENTE,HIDRAULICA,5/20/1994 12:00:00 AM,OPERACION,EMPRESAS PUBLICAS DE MEDELLIN E.S.P.,AGUA,NORMAL
Grp0032,LA VUELTA,VLT1,"11,6",0,SI,NO DESPACHADO CENTRALMENTE,HIDRAULICA,11/22/2004 12:00:00 AM,OPERACION,EMPRESAS PUBLICAS DE MEDELLIN E.S.P.,AGUA,NORMAL
Grp0034,DOLORES,DLR1,"8,3",0,SI,NO DESPACHADO CENTRALMENTE,HIDRAULICA,2000-09-05 00:00:00,INACTIVO,EMPRESAS PUBLICAS DE MEDELLIN E.S.P.,AGUA,VACÍO
Grp0035,CARACOLI,CRC1,"2,6",0,SI,NO DESPACHADO CENTRALMENTE,HIDRAULICA,1935-01-01 00:00:00,OPERACION,EMPRESAS PUBLICAS DE MEDELLIN E.S.P.,AGUA,NORMAL
Grp0036,REMEDIOS,PMR1,"0,75",0,SI,NO DESPACHADO CENTRALMENTE,HIDRAULICA,9/19/2007 12:00:00 AM,OPERACION,HZ ENERGY S.A.S. E.S.P.,AGUA,NORMAL
Grp0037,RIO SAPUYES,SPY1,"1,65",0,SI,NO DESPACHADO CENTRALMENTE,HIDRAULICA,1954-01-01 00:00:00,OPERACION,CENTRALES ELECTRICAS DE NARIÑO S.A. E.S.P.,AGUA,NORMAL
Grp0039,PLAYAS,PLYS,207,17182,NO,DESPACHADO CENTRALMENTE,HIDRAULICA,1988-01-08 00:00:00,OPERACION,EMPRESAS PUBLICAS DE MEDELLIN E.S.P.,AGUA,NORMAL
Grp0040,PRADO,PRDO,51,"0,482",NO,DESPACHADO CENTRALMENTE,HIDRAULICA,1973-01-03 00:00:00,OPERACION,CELSIA COLOMBIA S.A. E.S.P.,AGUA,NORMAL
Grp0042,RIO MAYO,RMYO,"19,8","1,7",SI,NO DESPACHADO CENTRALMENTE,HIDRAULICA,7/20/1995 12:00:00 AM,OPERACION,CENTRALES ELECTRICAS DE NARIÑO S.A. E.S.P.,AGUA,FILO DE AGUA
Grp0043,RIOGRANDE I,RGRN,19,0,SI,NO DESPACHADO CENTRALMENTE,HIDRAULICA,1956-01-01 00:00:00,OPERACION,EMPRESAS PUBLICAS DE MEDELLIN E.S.P.,AGUA,NORMAL
Grp0044,SONSON,SNS1,"18,5",0,SI,NO DESPACHADO CENTRALMENTE,HIDRAULICA,2002-01-06 00:00:00,OPERACION,EMPRESAS PUBLICAS DE MEDELLIN E.S.P.,AGUA,NORMAL
Grp0045,PIEDRAS BLANCAS,PBL1,5,0,SI,NO DESPACHADO CENTRALMENTE,HIDRAULICA,1900-01-01 00:00:00,INACTIVO,EMPRESAS PUBLICAS DE MEDELLIN E.S.P.,AGUA,NORMAL
Grp0047,SALVAJINA,SLVJ,315,"0,8483",NO,DESPACHADO CENTRALMENTE,HIDRAULICA,7/20/1995 12:00:00 AM,OPERACION,CELSIA COLOMBIA S.A. E.S.P.,AGUA,NORMAL
Grp0048,SAN CARLOS,SNCR,1240,53375,NO,DESPACHADO CENTRALMENTE,HIDRAULICA,1/20/1984 12:00:00 AM,OPERACION,ISAGEN S.A. E.S.P.,AGUA,NORMAL
Grp0049,SAN FRANCISCO,SNFR,135,15386,NO,DESPACHADO CENTRALMENTE,HIDRAULICA,1969-01-01 00:00:00,OPERACION,EMPRESAS PUBLICAS DE MEDELLIN E.S.P.,AGUA,FILO DE AGUA
Grp0050,SAN JOSE DE LA MONTAÑA,SJM1,"0,4",0,SI,NO DESPACHADO CENTRALMENTE,HIDRAULICA,7/30/2007 12:00:00 AM,OPERACION,EMPRESA DE GENERACION Y PROMOCION DE ENERGIA DE ANTIOQUIA S.A. E.S.P.,AGUA,NORMAL
Grp0051,AMALFI,AMF1,"0,81",0,SI,NO DESPACHADO CENTRALMENTE,HIDRAULICA,2007-05-08 00:00:00,OPERACION,HZ ENERGY S.A.S. E.S.P.,AGUA,NORMAL
Grp0052,PUENTE GUILLERMO,PTG1,"4,2",0,SI,NO DESPACHADO CENTRALMENTE,HIDRAULICA,2001-01-09 00:00:00,OPERACION,ENERCO S.A. E.S.P.,AGUA,NORMAL
Grp0053,RIOFRIO (TAMESIS),TMS1,1,0,SI,NO DESPACHADO CENTRALMENTE,HIDRAULICA,1951-01-01 00:00:00,OPERACION,EMPRESAS PUBLICAS DE MEDELLIN E.S.P.,AGUA,NORMAL
Grp0055,SUEVA 2,SUV1,6,0,SI,NO DESPACHADO CENTRALMENTE,HIDRAULICA,5/24/2002 12:00:00 AM,OPERACION,CEMEX ENERGY S.A.S E.S.P.,AGUA,NORMAL
Grp0056,CHARQUITO,CQT1,"19,4",0,SI,NO DESPACHADO CENTRALMENTE,HIDRAULICA,8/22/2003 12:00:00 AM,OPERACION,EMGESA S.A. E.S.P.,AGUA,NORMAL
Grp0057,EL LIMONAR,LMR1,18,0,SI,NO DESPACHADO CENTRALMENTE,HIDRAULICA,2003-06-12 00:00:00,OPERACION,EMGESA S.A. E.S.P.,AGUA,NORMAL
Grp0058,LA TINTA,TIN1,"19,4",0,SI,NO DESPACHADO CENTRALMENTE,HIDRAULICA,2003-06-12 00:00:00,INACTIVO,EMGESA S.A. E.S.P.,AGUA,VACÍO
Grp0059,LA JUNCA,JNC1,"19,4",0,SI,NO DESPACHADO CENTRALMENTE,HIDRAULICA,2005-01-01 00:00:00,INACTIVO,EMGESA S.A. E.S.P.,AGUA,VACÍO
Grp0060,TEQUENDAMA,TQD1,"19,4",0,SI,NO DESPACHADO CENTRALMENTE,HIDRAULICA,2004-10-04 00:00:00,INACTIVO,EMGESA S.A. E.S.P.,AGUA,NORMAL
Grp0061,GUACAICA,GCC1,"0,86",0,SI,NO DESPACHADO CENTRALMENTE,HIDRAULICA,1992-01-01 00:00:00,OPERACION,EMPRESAS PUBLICAS DE MEDELLIN E.S.P.,AGUA,NORMAL
Grp0062,INTERMEDIA,INT1,"0,96",0,SI,NO DESPACHADO CENTRALMENTE,HIDRAULICA,1974-01-01 00:00:00,OPERACION,EMPRESAS PUBLICAS DE MEDELLIN E.S.P.,AGUA,NORMAL
Grp0063,MONDOMO,MND1,"0,75",0,SI,NO DESPACHADO CENTRALMENTE,HIDRAULICA,1958-01-01 00:00:00,OPERACION,VATIA S.A. E.S.P.,AGUA,NORMAL
Grp0064,SAN CANCIO,SNC1,2,0,SI,NO DESPACHADO CENTRALMENTE,HIDRAULICA,1929-01-01 00:00:00,OPERACION,EMPRESAS PUBLICAS DE MEDELLIN E.S.P.,AGUA,NORMAL
Grp0065,BELMONTE,BLM1,"3,4",0,SI,NO DESPACHADO CENTRALMENTE,HIDRAULICA,1939-01-01 00:00:00,OPERACION,EMPRESA DE ENERGIA DE PEREIRA S.A. E.S.P.,AGUA,NORMAL
Grp0066,NIQUIA,NQU1,19,0,SI,NO DESPACHADO CENTRALMENTE,HIDRAULICA,6/28/1993 12:00:00 AM,OPERACION,EMPRESAS PUBLICAS DE MEDELLIN E.S.P.,AGUA,NORMAL
Grp0067,BAYONA,BYN1,"0,6",0,SI,NO DESPACHADO CENTRALMENTE,HIDRAULICA,1943-01-01 00:00:00,OPERACION,EMPRESA MULTIPROPOSITO DE CALARCA S.A. E.S.P.,AGUA,NORMAL
Grp0068,CAMPESTRE (CALARCA),CPT1,"0,7",0,SI,NO DESPACHADO CENTRALMENTE,HIDRAULICA,1956-01-01 00:00:00,OPERACION,EMPRESA MULTIPROPOSITO DE CALARCA S.A. E.S.P.,AGUA,NORMAL
Grp0069,UNION,UNN1,"0,7",0,SI,NO DESPACHADO CENTRALMENTE,HIDRAULICA,1935-01-01 00:00:00,OPERACION,EMPRESA MULTIPROPOSITO DE CALARCA S.A. E.S.P.,AGUA,NORMAL
Grp0070,ASNAZU,ASN1,"0,45",0,SI,NO DESPACHADO CENTRALMENTE,HIDRAULICA,1934-01-01 00:00:00,OPERACION,VATIA S.A. E.S.P.,AGUA,NORMAL
Grp0071,INZA,INZ1,"0,75",0,SI,NO DESPACHADO CENTRALMENTE,HIDRAULICA,2009-05-02 00:00:00,OPERACION,VATIA S.A. E.S.P.,AGUA,NORMAL
Grp0072,MIROLINDO,MIR1,"3,75",0,SI,NO DESPACHADO CENTRALMENTE,HIDRAULICA,2004-03-11 00:00:00,OPERACION,VATIA S.A. E.S.P.,AGUA,NORMAL
Grp0073,NUTIBARA,NTB1,"0,75",0,SI,NO DESPACHADO CENTRALMENTE,HIDRAULICA,1997-01-01 00:00:00,OPERACION,EMPRESAS PUBLICAS DE MEDELLIN E.S.P.,AGUA,NORMAL
Grp0074,RIO INGENIO,RIN1,"0,18",0,SI,NO DESPACHADO CENTRALMENTE,HIDRAULICA,1958-01-01 00:00:00,INACTIVO,CENTRALES ELECTRICAS DE NARIÑO S.A. E.S.P.,AGUA,NORMAL
Grp0075,SAJANDI,SJN1,"3,2",0,SI,NO DESPACHADO CENTRALMENTE,HIDRAULICA,1995-01-01 00:00:00,OPERACION,VATIA S.A. E.S.P.,AGUA,NORMAL
Grp0076,SILVIA,SLV1,"0,38",0,SI,NO DESPACHADO CENTRALMENTE,HIDRAULICA,1994-01-01 00:00:00,OPERACION,VATIA S.A. E.S.P.,AGUA,NORMAL
Grp0077,IQUIRA I,IQU1,"4,32",0,SI,NO DESPACHADO CENTRALMENTE,HIDRAULICA,1955-01-01 00:00:00,OPERACION,ELECTRIFICADORA DEL HUILA S.A. E.S.P.,AGUA,NORMAL
Grp0078,IQUIRA II,IQU2,"5,4",0,SI,NO DESPACHADO CENTRALMENTE,HIDRAULICA,1965-01-01 00:00:00,OPERACION,ELECTRIFICADORA DEL HUILA S.A. E.S.P.,AGUA,NORMAL
Grp0079,LA PITA,PTA1,"1,42",0,SI,NO DESPACHADO CENTRALMENTE,HIDRAULICA,1965-01-01 00:00:00,OPERACION,ELECTRIFICADORA DEL HUILA S.A. E.S.P.,AGUA,NORMAL
Grp0080,JULIO BRAVO,JBV1,"1,5",0,SI,NO DESPACHADO CENTRALMENTE,HIDRAULICA,1942-01-01 00:00:00,OPERACION,CENTRALES ELECTRICAS DE NARIÑO S.A. E.S.P.,AGUA,NORMAL
Grp0081,RIO ABAJO,RBJ1,"0,9",0,SI,NO DESPACHADO CENTRALMENTE,HIDRAULICA,1947-01-01 00:00:00,INACTIVO,EMPRESAS PUBLICAS DE MEDELLIN E.S.P.,AGUA,NORMAL
Grp0082,RIO FRIO II,RFR2,10,0,SI,NO DESPACHADO CENTRALMENTE,HIDRAULICA,1996-01-01 00:00:00,OPERACION,COMPAÑIA DE ELECTRICIDAD DE TULUA S.A. E.S.P.,AGUA,FILO DE AGUA
Grp0083,RIO RECIO,RCIO,"0,984",0,SI,NO DESPACHADO CENTRALMENTE,HIDRAULICA,1958-01-11 00:00:00,OPERACION,VATIA S.A. E.S.P.,AGUA,NORMAL
Grp0084,CALICHAL,CHL1,"0,2",0,SI,NO DESPACHADO CENTRALMENTE,HIDRAULICA,1946-01-01 00:00:00,INACTIVO,ELECTRIFICADORA DE SANTANDER S.A. E.S.P.,AGUA,VACÍO
Grp0085,CASCADA,CSC1,3,0,SI,NO DESPACHADO CENTRALMENTE,HIDRAULICA,1954-01-01 00:00:00,OPERACION,EMPRESAS PUBLICAS DE MEDELLIN E.S.P.,AGUA,NORMAL
Grp0086,PAJARITO,PJR1,"13,2",0,SI,NO DESPACHADO CENTRALMENTE,HIDRAULICA,11/25/1999 12:00:00 AM,OPERACION,EMPRESAS PUBLICAS DE MEDELLIN E.S.P.,AGUA,NORMAL
Grp0087,SERVITA,STA1,"0,65",0,SI,NO DESPACHADO CENTRALMENTE,HIDRAULICA,1965-01-01 00:00:00,INACTIVO,ELECTRIFICADORA DE SANTANDER S.A. E.S.P.,AGUA,VACÍO
Grp0088,ZARAGOZA,ZRG1,"1,3",0,SI,NO DESPACHADO CENTRALMENTE,HIDRAULICA,1932-01-01 00:00:00,INACTIVO,ELECTRIFICADORA DE SANTANDER S.A. E.S.P.,AGUA,VACÍO
Grp0090,PALMAS SAN GIL,PLM1,15,0,SI,NO DESPACHADO CENTRALMENTE,HIDRAULICA,1954-01-01 00:00:00,OPERACION,EMPRESAS PUBLICAS DE MEDELLIN E.S.P.,AGUA,NORMAL
Grp0091,RIO PIEDRAS,RPD1,"19,9",1,SI,NO DESPACHADO CENTRALMENTE,HIDRAULICA,3/31/2000 12:00:00 AM,OPERACION,CELSIA COLOMBIA S.A. E.S.P.,AGUA,FILO DE AGUA
Grp0092,VENTANA A,VNTA,"2,5",0,SI,NO DESPACHADO CENTRALMENTE,HIDRAULICA,1957-01-11 00:00:00,OPERACION,VATIA S.A. E.S.P.,AGUA,NORMAL
Grp0093,VENTANA B,VNTB,"2,5",0,SI,NO DESPACHADO CENTRALMENTE,HIDRAULICA,1957-01-11 00:00:00,OPERACION,VATIA S.A. E.S.P.,AGUA,NORMAL
Grp0094,RIO CALI,RCL1,"1,8",0,SI,NO DESPACHADO CENTRALMENTE,HIDRAULICA,1925-01-01 00:00:00,OPERACION,CELSIA COLOMBIA S.A. E.S.P.,AGUA,NORMAL
Grp0095,RIO FRIO I,RFR1,"1,67",0,SI,NO DESPACHADO CENTRALMENTE,HIDRAULICA,1954-01-01 00:00:00,OPERACION,COMPAÑIA DE ELECTRICIDAD DE TULUA S.A. E.S.P.,AGUA,NORMAL
Grp0096,ALBAN,ALBG,429,45098,NO,DESPACHADO CENTRALMENTE,HIDRAULICA,12/15/2000 12:00:00 AM,OPERACION,CELSIA COLOMBIA S.A. E.S.P.,AGUA,NORMAL
Grp0097,CASALCO,CSLG,128,0,NO,DESPACHADO CENTRALMENTE,HIDRAULICA,6/17/1957 12:00:00 AM,INACTIVO,EMGESA S.A. E.S.P.  (FINALIZADO),AGUA,VACÍO
Grp0098,GUATRON,GTRG,512,"8,45",NO,DESPACHADO CENTRALMENTE,HIDRAULICA,1996-01-01 00:00:00,OPERACION,EMPRESAS PUBLICAS DE MEDELLIN E.S.P.,AGUA,NORMAL
Grp0099,PAGUA,PGUG,600,164049,NO,DESPACHADO CENTRALMENTE,HIDRAULICA,1986-01-12 00:00:00,OPERACION,EMGESA S.A. E.S.P.,AGUA,NORMAL
Grp0101,RUMOR,RMR1,"2,5",0,SI,NO DESPACHADO CENTRALMENTE,HIDRAULICA,1999-01-01 00:00:00,OPERACION,COMPAÑIA DE ELECTRICIDAD DE TULUA S.A. E.S.P.,AGUA,NORMAL
Grp0109,RIO GRANDE,RGR1,"0,3",0,SI,NO DESPACHADO CENTRALMENTE,HIDRAULICA,2007-01-12 00:00:00,OPERACION,EMPRESAS PUBLICAS DE MEDELLIN E.S.P.,AGUA,NORMAL
Grp0110,RIONEGRO,RNG1,"10,2",0,SI,NO DESPACHADO CENTRALMENTE,HIDRAULICA,1975-01-01 00:00:00,OPERACION,EMGESA S.A. E.S.P.,AGUA,NORMAL
Grp0111,RIO BOBO,RBB1,4,0,SI,NO DESPACHADO CENTRALMENTE,HIDRAULICA,1960-01-01 00:00:00,OPERACION,CENTRALES ELECTRICAS DE NARIÑO S.A. E.S.P.,AGUA,NORMAL
Grp0112,MUNICIPAL,MNC1,"1,4",0,SI,NO DESPACHADO CENTRALMENTE,HIDRAULICA,1935-01-01 00:00:00,OPERACION,EMPRESAS PUBLICAS DE MEDELLIN E.S.P.,AGUA,NORMAL
Grp0113,PROVIDENCIA (ANTIOQUIA),PVD1,3,0,SI,NO DESPACHADO CENTRALMENTE,HIDRAULICA,1900-01-01 00:00:00,INACTIVO,EMPRESAS PUBLICAS DE MEDELLIN E.S.P.,AGUA,VACÍO
Grp0114,RIO PALO,LPLO,"1,44",0,SI,NO DESPACHADO CENTRALMENTE,HIDRAULICA,1960-01-01 00:00:00,OPERACION,VATIA S.A. E.S.P.,AGUA,NORMAL
Grp0115,SAN JOSE,SJOG,"0,38","0,0001",SI,NO DESPACHADO CENTRALMENTE,HIDRAULICA,11/16/2003 12:00:00 AM,OPERACION,GENERADORA COLOMBIANA DE ELECTRICIDAD S.A. E.S.P.,AGUA,NORMAL
Grp0116,SANTA ANA,SNT1,8,0,SI,NO DESPACHADO CENTRALMENTE,HIDRAULICA,2005-09-06 00:00:00,OPERACION,EMGESA S.A. E.S.P.,AGUA,NORMAL
Grp0117,LA CASCADA (ANTIOQUIA),LCS1,"2,3",0,SI,NO DESPACHADO CENTRALMENTE,HIDRAULICA,7/17/2007 12:00:00 AM,OPERACION,LA CASCADA S.A.S. E.S.P.,AGUA,NORMAL
Grp0118,LA CASCADA ( ABEJORRAL),ABJ1,3,0,SI,NO DESPACHADO CENTRALMENTE,HIDRAULICA,9/17/2007 12:00:00 AM,OPERACION,EMPRESA DE GENERACION Y PROMOCION DE ENERGIA DE ANTIOQUIA S.A. E.S.P.,AGUA,NORMAL
Grp0119,EL BOSQUE,BSQ1,"2,28",0,SI,NO DESPACHADO CENTRALMENTE,HIDRAULICA,1935-01-01 00:00:00,OPERACION,ENERGIA RENOVABLE DE COLOMBIA S.A. E.S.P.,AGUA,NORMAL
Grp0120,URRAO,PLU1,"1,03",0,SI,NO DESPACHADO CENTRALMENTE,HIDRAULICA,7/30/2007 12:00:00 AM,OPERACION,DEPI ENERGY S.A.S. E.S.P.,AGUA,NORMAL
Grp0122,CALDERAS,CLDR,"19,9",13143,SI,NO DESPACHADO CENTRALMENTE,HIDRAULICA,6/30/2006 12:00:00 AM,OPERACION,ISAGEN S.A. E.S.P.,AGUA,NORMAL
Grp0123,EL LIMON,LIM1,"0,72",0,SI,NO DESPACHADO CENTRALMENTE,HIDRAULICA,1926-01-01 00:00:00,INACTIVO,EMPRESAS PUBLICAS DE MEDELLIN E.S.P.,AGUA,VACÍO
Grp0124,COCONUCO,CCN1,"4,5",0,SI,NO DESPACHADO CENTRALMENTE,HIDRAULICA,9/27/2000 12:00:00 AM,OPERACION,EMPRESA MUNICIPAL DE ENERGIA ELECTRICA S.A. E.S.P.,AGUA,NORMAL
Grp0125,PATICO - LA CABRERA,PTC1,"1,48",0,SI,NO DESPACHADO CENTRALMENTE,HIDRAULICA,1930-01-01 00:00:00,OPERACION,CCG ENERGY S.A.S. E.S.P.,AGUA,NORMAL
Grp0126,GRANADA,GRN1,"19,9",0,SI,NO DESPACHADO CENTRALMENTE,HIDRAULICA,5/16/2007 12:00:00 AM,INACTIVO,EMGESA S.A. E.S.P.,AGUA,VACÍO
Grp0127,LA REBUSCA,2QRL,"0,7","1,09",SI,NO DESPACHADO CENTRALMENTE,HIDRAULICA,7/24/2014 12:00:00 AM,OPERACION,HZ ENERGY S.A.S. E.S.P.,AGUA,NORMAL
Grp0129,RIO PIEDRAS (LA CEJA),PDS1,"0,3",0,SI,NO DESPACHADO CENTRALMENTE,HIDRAULICA,2000-01-01 00:00:00,INACTIVO,EMPRESAS PUBLICAS DE MEDELLIN E.S.P.,AGUA,VACÍO
Grp0130,PRADO IV,PRD4,5,"0,4904",SI,NO DESPACHADO CENTRALMENTE,HIDRAULICA,1973-01-03 00:00:00,OPERACION,CELSIA COLOMBIA S.A. E.S.P.,AGUA,NORMAL
Grp0131,SAN ANTONIO,SAN1,"19,4","3,6",SI,NO DESPACHADO CENTRALMENTE,HIDRAULICA,8/22/2003 12:00:00 AM,INACTIVO,EMGESA S.A. E.S.P.,AGUA,VACÍO
Grp0140,URRA,URA1,338,"0,4657",NO,DESPACHADO CENTRALMENTE,HIDRAULICA,2/14/2000 12:00:00 AM,OPERACION,EMPRESA URRA S.A. E.S.P.,AGUA,NORMAL
Grp0173,MIEL I,HMLG,396,19224,NO,DESPACHADO CENTRALMENTE,HIDRAULICA,2002-01-12 00:00:00,OPERACION,ISAGEN S.A. E.S.P.,AGUA,NORMAL
Grp0182,PORCE II,PRC2,405,20588,NO,DESPACHADO CENTRALMENTE,HIDRAULICA,2001-08-04 00:00:00,OPERACION,EMPRESAS PUBLICAS DE MEDELLIN E.S.P.,AGUA,NORMAL
Grp0214,INSULA,INS1,19,"0,85",SI,NO DESPACHADO CENTRALMENTE,HIDRAULICA,7/20/1995 12:00:00 AM,OPERACION,EMPRESAS PUBLICAS DE MEDELLIN E.S.P.,AGUA,NORMAL
Grp0217,AGUA FRESCA,AFR1,"7,29",0,SI,NO DESPACHADO CENTRALMENTE,HIDRAULICA,2008-10-04 00:00:00,OPERACION,ENERGIA DEL RIO PIEDRAS S.A. E.S.P.,AGUA,NORMAL
Grp0218,CARUQUIA,GCA1,"9,5","1,53",SI,NO DESPACHADO CENTRALMENTE,HIDRAULICA,1/28/2010 12:00:00 AM,OPERACION,LA CASCADA S.A.S. E.S.P.,AGUA,NORMAL
Grp0219,PORCE III,PRC3,700,32159,NO,DESPACHADO CENTRALMENTE,HIDRAULICA,2011-09-02 00:00:00,OPERACION,EMPRESAS PUBLICAS DE MEDELLIN E.S.P.,AGUA,NORMAL
Grp0220,GUANAQUITAS,GQA1,"9,5",14984,SI,NO DESPACHADO CENTRALMENTE,HIDRAULICA,6/30/2010 12:00:00 AM,OPERACION,LA CASCADA S.A.S. E.S.P.,AGUA,NORMAL
Grp0221,CURRUCUCUES,CUR1,"1,25","0,52",SI,NO DESPACHADO CENTRALMENTE,HIDRAULICA,8/18/2010 12:00:00 AM,OPERACION,ENERCO S.A. E.S.P.,AGUA,NORMAL
Grp0222,SANTA RITA,SRA1,"1,3","0,675",SI,NO DESPACHADO CENTRALMENTE,HIDRAULICA,8/18/2010 12:00:00 AM,OPERACION,EMPRESA DE GENERACION Y PROMOCION DE ENERGIA DE ANTIOQUIA S.A. E.S.P.,AGUA,NORMAL
Grp0223,AMAIME,AMA1,"19,17","1,55",SI,NO DESPACHADO CENTRALMENTE,HIDRAULICA,2011-06-01 00:00:00,OPERACION,CELSIA COLOMBIA S.A. E.S.P.,AGUA,NORMAL
Grp0224,SANTIAGO,STG1,"2,8","2,8",SI,NO DESPACHADO CENTRALMENTE,HIDRAULICA,2011-08-01 00:00:00,OPERACION,VATIA S.A. E.S.P.,AGUA,NORMAL
Grp0225,PORCE III PRUEBAS,PR3P,0,30742,NO,DESPACHADO CENTRALMENTE,HIDRAULICA,2011-01-06 00:00:00,INACTIVO,EMPRESAS PUBLICAS DE MEDELLIN E.S.P.,AGUA,VACÍO
Grp0226,AMOYA LA ESPERANZA,MOY1,80,47978,NO,DESPACHADO CENTRALMENTE,HIDRAULICA,5/24/2013 12:00:00 AM,OPERACION,ISAGEN S.A. E.S.P.,AGUA,FILO DE AGUA
Grp0227,ALTO TULUA,ALTG,"19,9","2,23",SI,NO DESPACHADO CENTRALMENTE,HIDRAULICA,5/28/2012 12:00:00 AM,OPERACION,CELSIA COLOMBIA S.A. E.S.P.,AGUA,NORMAL
Grp0228,URRA P,URAP,85,0,NO,DESPACHADO CENTRALMENTE,HIDRAULICA,3/13/2000 12:00:00 AM,INACTIVO,EMPRESA URRA S.A. E.S.P.,AGUA,VACÍO
Grp0229,CHIVOR P,CHVP,250,0,NO,DESPACHADO CENTRALMENTE,HIDRAULICA,2001-01-01 00:00:00,INACTIVO,AES CHIVOR & CIA. S.C.A. E.S.P.,AGUA,VACÍO
Grp0230,HIDROMONTAÑITAS,HMO1,"19,9","3,7",SI,NO DESPACHADO CENTRALMENTE,HIDRAULICA,6/14/2012 12:00:00 AM,OPERACION,CELSIA COLOMBIA S.A. E.S.P.,AGUA,FILO DE AGUA
Grp0231,CUCUANA,CUC1,58,59476,NO,DESPACHADO CENTRALMENTE,HIDRAULICA,7/29/2015 12:00:00 AM,OPERACION,CELSIA COLOMBIA S.A. E.S.P.,AGUA,FILO DE AGUA
Grp0233,ITUANGO,PES1,1200,0,NO,DESPACHADO CENTRALMENTE,HIDRAULICA,2021-01-01 00:00:00,PRUEBAS,EMPRESAS PUBLICAS DE MEDELLIN E.S.P.,AGUA,NORMAL
Grp0235,EL QUIMBO,QUI1,400,10709,NO,DESPACHADO CENTRALMENTE,HIDRAULICA,11/16/2015 12:00:00 AM,OPERACION,EMGESA S.A. E.S.P.,AGUA,NORMAL
Grp0236,SOGAMOSO_P,SOGP,546,13047,NO,DESPACHADO CENTRALMENTE,HIDRAULICA,12/31/2014 12:00:00 AM,INACTIVO,ISAGEN S.A. E.S.P.,AGUA,NORMAL
Grp0238,BARROSO,BAR1,"19,9",32097,SI,NO DESPACHADO CENTRALMENTE,HIDRAULICA,11/30/2012 12:00:00 AM,OPERACION,LA CASCADA S.A.S. E.S.P.,AGUA,NORMAL
Grp0239,SAN FRANCISCO (PUTUMAYO),SFC1,"0,468",0,SI,NO DESPACHADO CENTRALMENTE,HIDRAULICA,12/15/2012 12:00:00 AM,OPERACION,GENERPUTUMAYO S.A.S. E.S.P.,AGUA,NORMAL
Grp0240,SUBA,SBA1,"2,6","0,944",SI,NO DESPACHADO CENTRALMENTE,HIDRAULICA,4/15/2013 12:00:00 AM,OPERACION,EMGESA S.A. E.S.P.,AGUA,NORMAL
Grp0241,USAQUEN,USQ1,"1,8","0,941",SI,NO DESPACHADO CENTRALMENTE,HIDRAULICA,4/15/2013 12:00:00 AM,OPERACION,EMGESA S.A. E.S.P.,AGUA,NORMAL
Grp0242,DARIO VALENCIA SAMPER,DVS1,150,80779,NO,DESPACHADO CENTRALMENTE,HIDRAULICA,2013-10-11 00:00:00,OPERACION,EMGESA S.A. E.S.P.,AGUA,FILO DE AGUA
Grp0243,EL POPAL,2QBW,"19,9",1442,SI,NO DESPACHADO CENTRALMENTE,HIDRAULICA,3/31/2014 12:00:00 AM,OPERACION,LA CASCADA S.A.S. E.S.P.,AGUA,FILO DE AGUA
Grp0244,SALTO II,2QEK,35,34155,NO,DESPACHADO CENTRALMENTE,HIDRAULICA,6/25/2014 12:00:00 AM,OPERACION,EMGESA S.A. E.S.P.,AGUA,FILO DE AGUA
Grp0245,BAJO TULUA,2QV2,"19,9","1,65",SI,NO DESPACHADO CENTRALMENTE,HIDRAULICA,1/30/2015 12:00:00 AM,OPERACION,CELSIA COLOMBIA S.A. E.S.P.,AGUA,NORMAL
Grp0246,LAGUNETA,2R22,18,2509,SI,NO DESPACHADO CENTRALMENTE,HIDRAULICA,12/17/2014 12:00:00 AM,OPERACION,EMGESA S.A. E.S.P.,AGUA,NORMAL
Grp0247,TUNJITA,TUJ1,"19,7",24655,SI,NO DESPACHADO CENTRALMENTE,HIDRAULICA,6/30/2016 12:00:00 AM,OPERACION,AES CHIVOR & CIA. S.C.A. E.S.P.,AGUA,NORMAL
Grp0249,LA NAVETA,NAV1,"4,8","0,1529",SI,NO DESPACHADO CENTRALMENTE,HIDRAULICA,11/27/2014 12:00:00 AM,OPERACION,IAC ENERGY S.A.S. E.S.P.,AGUA,NORMAL
Grp0250,SOGAMOSO,SOG1,819,13103,NO,DESPACHADO CENTRALMENTE,HIDRAULICA,12/20/2014 12:00:00 AM,OPERACION,ISAGEN S.A. E.S.P.,AGUA,NORMAL
Grp0251,SAN MIGUEL,SMI1,52,14068,NO,DESPACHADO CENTRALMENTE,HIDRAULICA,12/23/2015 12:00:00 AM,OPERACION,LA CASCADA S.A.S. E.S.P.,AGUA,FILO DE AGUA
Grp0252,CARLOS LLERAS,CLL1,78,11738,NO,DESPACHADO CENTRALMENTE,HIDRAULICA,11/22/2015 12:00:00 AM,OPERACION,HIDROELECTRICA DEL ALTO PORCE S A S E S P,AGUA,FILO DE AGUA
Grp0254,PROVIDENCIA,PRV1,"4,9",0,SI,NO DESPACHADO CENTRALMENTE,HIDRAULICA,9/30/2015 12:00:00 AM,OPERACION,HZ ENERGY S.A.S. E.S.P.,AGUA,NORMAL
Grp0255,LA FRISOLERA,2S78,"0,47","0,5625",SI,NO DESPACHADO CENTRALMENTE,HIDRAULICA,4/29/2016 12:00:00 AM,OPERACION,GENERPUTUMAYO S.A.S. E.S.P.,AGUA,NORMAL
Grp0256,COELLO,COE1,"1,2","0,001",SI,NO DESPACHADO CENTRALMENTE,HIDRAULICA,2016-10-12 00:00:00,OPERACION,ENERGETICA S.A. E.S.P.,AGUA,NORMAL
Grp0257,MORRO AZUL,2SI1,"19,9",0,SI,NO DESPACHADO CENTRALMENTE,HIDRAULICA,2016-10-09 00:00:00,OPERACION,RISARALDA ENERGIA S.A.S. E.S.P.,AGUA,NORMAL
Grp0258,AUTOG ARGOS EL CAIRO,2S6U,"6,5",0,NO,NO DESPACHADO CENTRALMENTE,HIDRAULICA,9/29/2017 12:00:00 AM,OPERACION,EMPRESAS PUBLICAS DE MEDELLIN E.S.P.,AGUA,AUTOGENERADOR
Grp0259,GUAVIO MENOR,2S8N,"9,9",0,SI,NO DESPACHADO CENTRALMENTE,HIDRAULICA,4/27/2016 12:00:00 AM,OPERACION,EMGESA S.A. E.S.P.,AGUA,NORMAL
Grp0260,PORCE III MENOR,2S8U,"1,8","0,0001",SI,NO DESPACHADO CENTRALMENTE,HIDRAULICA,4/25/2016 12:00:00 AM,OPERACION,EMPRESAS PUBLICAS DE MEDELLIN E.S.P.,AGUA,NORMAL
Grp0261,EL COCUYO,2S9L,"0,7",0,SI,NO DESPACHADO CENTRALMENTE,HIDRAULICA,5/20/2016 12:00:00 AM,OPERACION,P.CH EL COCUYO SAS ESP,AGUA,NORMAL
Grp0262,ALEJANDRÍA,2SDR,15,0,SI,NO DESPACHADO CENTRALMENTE,HIDRAULICA,2017-02-03 00:00:00,OPERACION,GENERADORA ALEJANDRIA S.A.S. E.S.P.,AGUA,NORMAL
Grp0263,MAGALLO,2SS2,"5,7",0,SI,NO DESPACHADO CENTRALMENTE,HIDRAULICA,12/22/2016 12:00:00 AM,OPERACION,CENTRAL HIDROELÉCTRICA CONCORDIA S.A.S. E.S.P,AGUA,NORMAL
Grp0264,EL EDÉN,2SW1,"19,9",0,SI,NO DESPACHADO CENTRALMENTE,HIDRAULICA,2017-02-03 00:00:00,OPERACION,CENTRAL HIDROELÉCTRICA EL EDÉN S.A.S. E.S.P.,AGUA,NORMAL
Grp0265,EL MOLINO,2T1L,"19,9",10236,SI,NO DESPACHADO CENTRALMENTE,HIDRAULICA,4/19/2017 12:00:00 AM,OPERACION,LA CASCADA S.A.S. E.S.P.,AGUA,NORMAL
Grp0266,SAN MATIAS,2T4P,"19,9",10237,SI,NO DESPACHADO CENTRALMENTE,HIDRAULICA,4/25/2017 12:00:00 AM,OPERACION,LA CASCADA S.A.S. E.S.P.,AGUA,NORMAL
Grp0267,CANTAYUS,2T7D,"4,32",1433,SI,NO DESPACHADO CENTRALMENTE,HIDRAULICA,5/20/2017 12:00:00 AM,OPERACION,GENERADORA CANTAYÚS S.A.S E.S.P,AGUA,NORMAL
Grp0268,LUZMA I,2TUT,"19,6",36594,SI,NO DESPACHADO CENTRALMENTE,HIDRAULICA,2017-07-10 00:00:00,OPERACION,GENERADORA LUZMA S.A. E.S.P.,AGUA,NORMAL
Grp0269,LUZMA II,2TUV,"19,6",36351,SI,NO DESPACHADO CENTRALMENTE,HIDRAULICA,2017-07-10 00:00:00,OPERACION,GENERADORA LUZMA S.A. E.S.P.,AGUA,NORMAL
Grp0270,LAS PALMAS,2U1G,"2,8","0,15",SI,NO DESPACHADO CENTRALMENTE,HIDRAULICA,8/30/2017 12:00:00 AM,OPERACION,VATIA S.A. E.S.P.,AGUA,NORMAL
Grp0271,TEQUENDAMA 1,2UPJ,"14,2",1,SI,NO DESPACHADO CENTRALMENTE,HIDRAULICA,2/28/2018 12:00:00 AM,OPERACION,EMGESA S.A. E.S.P.,AGUA,NORMAL
Grp0272,TEQUENDAMA 2,2UPD,"14,2",1,SI,NO DESPACHADO CENTRALMENTE,HIDRAULICA,2/28/2018 12:00:00 AM,OPERACION,EMGESA S.A. E.S.P.,AGUA,NORMAL
Grp0273,TEQUENDAMA 3,2UPF,"14,2",1,SI,NO DESPACHADO CENTRALMENTE,HIDRAULICA,2/28/2018 12:00:00 AM,OPERACION,EMGESA S.A. E.S.P.,AGUA,NORMAL
Grp0274,TEQUENDAMA 4,2UPH,"14,2",1,SI,NO DESPACHADO CENTRALMENTE,HIDRAULICA,2/28/2018 12:00:00 AM,OPERACION,EMGESA S.A. E.S.P.,AGUA,NORMAL
Grp0275,SAN JOSE DE LA MONTAÑA II,2UR5,"1,1","0,301",SI,NO DESPACHADO CENTRALMENTE,HIDRAULICA,2018-06-10 00:00:00,OPERACION,EMPRESA DE GENERACION Y PROMOCION DE ENERGIA DE ANTIOQUIA S.A. E.S.P.,AGUA,NORMAL
Grp0276,AURES BAJO,2UX3,"19,4","0,98",SI,NO DESPACHADO CENTRALMENTE,HIDRAULICA,2018-12-12 00:00:00,OPERACION,AURES BAJO S.A.S. E.S.P.,AGUA,NORMAL
Grp0277,JUAN GARCIA,2V5G,"4,52",0,SI,NO DESPACHADO CENTRALMENTE,HIDRAULICA,2018-12-09 00:00:00,OPERACION,EMPRESA DE GENERACION Y PROMOCION DE ENERGIA DE ANTIOQUIA S.A. E.S.P.,AGUA,NORMAL
Grp0278,EL PASO,EPFV,67,0,NO,DESPACHADO CENTRALMENTE,SOLAR,2018-02-12 00:00:00,PRUEBAS,EMGESA S.A. E.S.P.,RAD SOLAR,NORMAL
Grp0279,MULATOS II,2WC5,"7,34",0,SI,NO DESPACHADO CENTRALMENTE,HIDRAULICA,2019-05-03 00:00:00,OPERACIÓN,ENERGIA DEL SUROESTE S.A. E.S.P.,AGUA,NORMAL
Grp0280,HIDROBARRANCAS,2YNA,"4,7",0,SI,NO DESPACHADO CENTRALMENTE,HIDRAULICA,11/26/2020 12:00:00 AM,OPERACION,HIDROELECTRICA BARRANCAS SAS ESP,AGUA,NORMAL
Grp0281,ESCUELA DE MINAS,HMIN,55,1603,NO,DESPACHADO CENTRALMENTE,HIDRAULICA,9/30/2019 12:00:00 AM,OPERACION,HIDROELECTRICA DEL ALTO PORCE S A S E S P,AGUA,FILO DE AGUA
Grp0291,PCH LA LIBERTAD,2YIR,"1,2",0,SI,NO DESPACHADO CENTRALMENTE,HIDRAULICA,3/14/2020 12:00:00 AM,OPERACION,EMPRESA GENERADORA Y COMERCIALIZADORA DE ENERGIA ELECTRICA DE COLOMBIA S.A. E.S.P. - GENERADOR,AGUA,NORMAL
Grp0292,AGPE NAFERTEX,2YMA,"0,0198",0,NO,NO DESPACHADO CENTRALMENTE,SOLAR,11/27/2019 12:00:00 AM,OPERACION,ENERTOTAL S.A. E.S.P.,RAD SOLAR,AUTOG PEQ. ESCALA
Grp0293,AGPE TECNOEMPAQUES DE OCCIDENTE,2YQM,"0,096",0,NO,NO DESPACHADO CENTRALMENTE,SOLAR,12/19/2019 12:00:00 AM,OPERACION,ENERCO S.A. E.S.P.,RAD SOLAR,AUTOG PEQ. ESCALA
Grp0294,AGPE SFV MCDONALDS SOLEDAD,2Z66,"0,089",1,NO,NO DESPACHADO CENTRALMENTE,SOLAR,2/27/2020 12:00:00 AM,OPERACION,VATIA S.A. E.S.P.,RAD SOLAR,AUTOG PEQ. ESCALA
Grp0295,SAN ANDRES DE CUERQUIA,2ZCF,"19,9","4,58",SI,NO DESPACHADO CENTRALMENTE,HIDRAULICA,2020-11-06 00:00:00,OPERACION,CELSIA COLOMBIA S.A. E.S.P.,AGUA,NORMAL
Grp0296,CELSIA SOLAR ESPINAL,2ZHY,"9,9",0,SI,NO DESPACHADO CENTRALMENTE,SOLAR,5/31/2020 12:00:00 AM,OPERACION,CELSIA COLOMBIA S.A. E.S.P.,RAD SOLAR,NORMAL
Grp0301,AGPE HOTEL HACIENDA CASONA DEL SALITRE,2ZJT,"0,0145",0,NO,NO DESPACHADO CENTRALMENTE,SOLAR,5/21/2020 12:00:00 AM,OPERACION,VATIA S.A. E.S.P.,RAD SOLAR,AUTOG PEQ. ESCALA
Grp0302,TRINA-VATIA BSLII,TR2G,"19,9",0,SI,NO DESPACHADO CENTRALMENTE,SOLAR,1/22/2021 12:00:00 AM,OPERACION,VATIA S.A. E.S.P.,RAD SOLAR,NORMAL
Grp0303,TRINA-VATIA BSLI,2ZP9,"19,9",0,SI,NO DESPACHADO CENTRALMENTE,SOLAR,2020-10-09 00:00:00,OPERACION,VATIA S.A. E.S.P.,RAD SOLAR,NORMAL
Grp0304,TRINA-VATIA BSLIII,TR3G,"19,9",0,SI,NO DESPACHADO CENTRALMENTE,SOLAR,2020-03-08 00:00:00,PRUEBAS,VATIA S.A. E.S.P.,RAD SOLAR,NORMAL
Grp0305,FUTURA - PARQUE BETA,BETA,280,0,NO,DESPACHADO CENTRALMENTE,EOLICA,2022-01-12 00:00:00,PRUEBAS,EOLOS ENERGÍA S.A.S. E.S.P.,VIENTO,NORMAL
Grp0306,FUTURA - PARQUE ALPHA,APHA,212,0,NO,DESPACHADO CENTRALMENTE,EOLICA,2022-01-12 00:00:00,PRUEBAS,"VIENTOS DEL NORTE S.A.S. E.S.P.,",VIENTO,NORMAL
Grp0310,PLANTA SOLAR BAYUNCA I,3A44,3,0,SI,NO DESPACHADO CENTRALMENTE,SOLAR,9/30/2020 12:00:00 AM,OPERACION,ESPACIO PRODUCTIVO S.A.S. E.S.P.,RAD SOLAR,NORMAL
Grp0316,POCUNE,3AFQ,1,1018,SI,NO DESPACHADO CENTRALMENTE,HIDRAULICA,2020-01-12 00:00:00,OPERACION,RENOVATIO TRADING AMERICAS S.A.S. E.S.P,AGUA,NORMAL
Grp0317,TEBSAB CC,TBST,791,72131,NO,DESPACHADO CENTRALMENTE,TERMICA,10/21/1989 12:00:00 AM,OPERACION,TERMOBARRANQUILLA S.A. E.S.P.,GAS,CICLO COMBINADO
Grp0318,TERMOEMCALI CC,TEC1,213,74639,NO,DESPACHADO CENTRALMENTE,TERMICA,7/16/1999 12:00:00 AM,OPERACION,TERMOEMCALI I S.A. E.S.P.,ACPM,CICLO COMBINADO
Grp0319,TERMOVALLE CC,TVL1,241,65572,NO,DESPACHADO CENTRALMENTE,TERMICA,12/17/2011 12:00:00 AM,OPERACION,TERMOVALLE S.A.S. E.S.P.,ACPM,CICLO COMBINADO
Grp0320,TERMOSIERRA CC,TSR1,353,71417,NO,DESPACHADO CENTRALMENTE,TERMICA,1998-07-02 00:00:00,OPERACION,EMPRESAS PUBLICAS DE MEDELLIN E.S.P.,ACPM,CICLO COMBINADO
Grp0321,FLORES I CC,TFL1,160,73505,NO,DESPACHADO CENTRALMENTE,TERMICA,1993-01-11 00:00:00,OPERACION,PRIME TERMOFLORES S.A.S. E.S.P.,GAS,CICLO COMBINADO
Grp0322,TERMOCENTRO CC,TRM1,134,76331,NO,DESPACHADO CENTRALMENTE,TERMICA,11/30/2000 12:00:00 AM,OPERACION,ISAGEN S.A. E.S.P.,GAS,CICLO COMBINADO
Grp0323,TERMONORTE,TRN1,88,"8,01",NO,DESPACHADO CENTRALMENTE,TERMICA,2018-01-12 00:00:00,OPERACION,TERMONORTE S.A.S. E.S.P,COMBUSTOLEO,NORMAL
Grp0324,FLORES 4 CC,TFL4,450,69107,NO,DESPACHADO CENTRALMENTE,TERMICA,2010-01-12 00:00:00,OPERACION,PRIME TERMOFLORES S.A.S. E.S.P.,GAS,CICLO COMBINADO
Grp0334,CELSIA SOLAR CARMELO,3ACC,"9,9",0,SI,NO DESPACHADO CENTRALMENTE,SOLAR,12/27/2020 12:00:00 AM,OPERACION,CELSIA COLOMBIA S.A. E.S.P.,RAD SOLAR,AUTOGENERADOR
Grp0335,AUTOG PTAR BELLO,3ADA,5,0,SI,NO DESPACHADO CENTRALMENTE,TERMICA,11/30/2020 12:00:00 AM,OPERACION,EMPRESAS PUBLICAS DE MEDELLIN E.S.P.,BIOGAS,AUTOGENERADOR
Unt0003,BALLENA 1,BLL1,13,0,NO,DESPACHADO CENTRALMENTE,TERMICA,1983-01-01 00:00:00,INACTIVO,CORPORACION ELECTRICA DE LA COSTA ATLANTICA S.A. E.S.P.,GAS,NORMAL
Unt0004,BALLENA 2,BLL2,13,0,NO,DESPACHADO CENTRALMENTE,TERMICA,1983-01-01 00:00:00,INACTIVO,CORPORACION ELECTRICA DE LA COSTA ATLANTICA S.A. E.S.P.,GAS,NORMAL
Unt0005,EL RIO 1,ERO1,"1,8",0,NO,DESPACHADO CENTRALMENTE,TERMICA,1972-01-01 00:00:00,INACTIVO,ELECTRIFICADORA DEL ATLANTICO S.A. E.S.P.,GAS,NORMAL
Unt0006,EL RIO 2,ERO2,4,0,NO,DESPACHADO CENTRALMENTE,TERMICA,1972-01-01 00:00:00,INACTIVO,ELECTRIFICADORA DEL ATLANTICO S.A. E.S.P.,GAS,NORMAL
Unt0007,EL RIO 3,ERO3,"4,5",0,NO,DESPACHADO CENTRALMENTE,TERMICA,1972-01-01 00:00:00,INACTIVO,ELECTRIFICADORA DEL ATLANTICO S.A. E.S.P.,GAS,NORMAL
Unt0008,EL RIO 4,ERO4,"4,5",0,NO,DESPACHADO CENTRALMENTE,TERMICA,1972-01-01 00:00:00,INACTIVO,ELECTRIFICADORA DEL ATLANTICO S.A. E.S.P.,GAS,NORMAL
Unt0009,EL RIO 5,ERO5,4,0,NO,DESPACHADO CENTRALMENTE,TERMICA,1972-01-01 00:00:00,INACTIVO,ELECTRIFICADORA DEL ATLANTICO S.A. E.S.P.,GAS,NORMAL
Unt0010,EL RIO 6,ERO6,10,0,NO,DESPACHADO CENTRALMENTE,TERMICA,1972-01-01 00:00:00,INACTIVO,ELECTRIFICADORA DEL ATLANTICO S.A. E.S.P.,GAS,NORMAL
Unt0011,BARRANCA 1,BRN1,12,"13,26",SI,DESPACHADO CENTRALMENTE,TERMICA,3/20/2016 12:00:00 AM,INACTIVO,EMPRESAS PUBLICAS DE MEDELLIN E.S.P.,GAS,NORMAL
Unt0012,BARRANCA 2,BRN2,12,0,SI,DESPACHADO CENTRALMENTE,TERMICA,2016-01-02 00:00:00,INACTIVO,EMPRESAS PUBLICAS DE MEDELLIN E.S.P.,GAS,NORMAL
Unt0013,BARRANCA 3,BRN3,24,0,NO,DESPACHADO CENTRALMENTE,TERMICA,3/20/2016 12:00:00 AM,INACTIVO,EMPRESAS PUBLICAS DE MEDELLIN E.S.P.,GAS,NORMAL
Unt0014,BARRANCA 4,BRN4,30,0,NO,DESPACHADO CENTRALMENTE,TERMICA,1983-10-06 00:00:00,INACTIVO,ELECTRIFICADORA DE SANTANDER S.A. E.S.P.,GAS,NORMAL
Unt0015,BARRANCA 5,BRN5,19,0,NO,DESPACHADO CENTRALMENTE,TERMICA,1993-10-07 00:00:00,INACTIVO,ELECTRIFICADORA DE SANTANDER S.A. E.S.P.,GAS,NORMAL
Unt0016,TERMOYOPAL 2,TYP2,28,120234,NO,DESPACHADO CENTRALMENTE,TERMICA,7/29/2004 12:00:00 AM,OPERACION,TERMOYOPAL GENERACION 2 S.A.S E.S.P.,GAS,NORMAL
Unt0017,TERMOYOPAL 1,TYP1,8,135515,NO,DESPACHADO CENTRALMENTE,TERMICA,2005-11-03 00:00:00,OPERACION,TERMOYOPAL GENERACION 2 S.A.S E.S.P.,GAS,NORMAL
Unt0018,BARRANQUILLA 3,TBQ3,60,104846,NO,DESPACHADO CENTRALMENTE,TERMICA,1980-01-01 00:00:00,OPERACION,TERMOBARRANQUILLA S.A. E.S.P.,GAS,NORMAL
Unt0019,BARRANQUILLA 4,TBQ4,60,118308,NO,DESPACHADO CENTRALMENTE,TERMICA,1980-01-01 00:00:00,OPERACION,TERMOBARRANQUILLA S.A. E.S.P.,GAS,NORMAL
Unt0020,BARRANQUILLA 1,TBQ1,54,0,NO,DESPACHADO CENTRALMENTE,TERMICA,1980-01-01 00:00:00,INACTIVO,TERMOBARRANQUILLA S.A. E.S.P.,GAS,NORMAL
Unt0021,BARRANQUILLA 2,TBQ2,55,0,NO,DESPACHADO CENTRALMENTE,TERMICA,1980-01-01 00:00:00,INACTIVO,CORPORACION ELECTRICA DE LA COSTA ATLANTICA S.A. E.S.P.,GAS,NORMAL
Unt0028,CHINU 4,CHN4,13,0,NO,DESPACHADO CENTRALMENTE,TERMICA,8/25/1982 12:00:00 AM,INACTIVO,CORPORACION ELECTRICA DE LA COSTA ATLANTICA S.A. E.S.P.,GAS,NORMAL
Unt0029,CHINU 5,CHN5,29,0,NO,DESPACHADO CENTRALMENTE,TERMICA,1982-01-01 00:00:00,INACTIVO,CORPORACION ELECTRICA DE LA COSTA ATLANTICA S.A. E.S.P.,GAS,NORMAL
Unt0030,CHINU 6,CHN6,30,0,NO,DESPACHADO CENTRALMENTE,TERMICA,1982-01-01 00:00:00,INACTIVO,CORPORACION ELECTRICA DE LA COSTA ATLANTICA S.A. E.S.P.,GAS,NORMAL
Unt0031,CHINU 7,CHN7,30,0,NO,DESPACHADO CENTRALMENTE,TERMICA,1982-01-01 00:00:00,INACTIVO,CORPORACION ELECTRICA DE LA COSTA ATLANTICA S.A. E.S.P.,GAS,NORMAL
Unt0032,CHINU 8,CHN8,30,0,NO,DESPACHADO CENTRALMENTE,TERMICA,1982-01-01 00:00:00,INACTIVO,CORPORACION ELECTRICA DE LA COSTA ATLANTICA S.A. E.S.P.,GAS,NORMAL
Unt0033,CARTAGENA 1,CTG1,52,13665,NO,DESPACHADO CENTRALMENTE,TERMICA,7/20/1995 12:00:00 AM,OPERACION,EMGESA S.A. E.S.P.,COMBUSTOLEO,NORMAL
Unt0034,CARTAGENA 2,CTG2,62,115167,NO,DESPACHADO CENTRALMENTE,TERMICA,1980-01-01 00:00:00,OPERACION,EMGESA S.A. E.S.P.,COMBUSTOLEO,NORMAL
Unt0035,CARTAGENA 3,CTG3,66,138215,NO,DESPACHADO CENTRALMENTE,TERMICA,1980-01-01 00:00:00,OPERACION,EMGESA S.A. E.S.P.,COMBUSTOLEO,NORMAL
Unt0036,EL RIO 7,ERO7,10,0,NO,DESPACHADO CENTRALMENTE,TERMICA,1972-01-01 00:00:00,INACTIVO,ELECTRIFICADORA DEL ATLANTICO S.A. E.S.P.,GAS,NORMAL
Unt0037,GUALANDAY 1,GLD1,40,0,NO,DESPACHADO CENTRALMENTE,TERMICA,1994-01-01 00:00:00,INACTIVO,EMPRESAS PUBLICAS DE MEDELLIN E.S.P.,GAS,NORMAL
Unt0038,OCOA 1,OCOG,38,0,NO,DESPACHADO CENTRALMENTE,TERMICA,1/30/2002 12:00:00 AM,INACTIVO,EMPRESAS PUBLICAS DE MEDELLIN E.S.P.,GAS,NORMAL
Unt0040,TABOR 1,TBR1,22,0,NO,DESPACHADO CENTRALMENTE,TERMICA,3/15/1993 12:00:00 AM,INACTIVO,ISAGEN S.A. E.S.P.,ACPM,NORMAL
Unt0041,TEBSA 11,TBS1,97,0,NO,DESPACHADO CENTRALMENTE,TERMICA,1996-08-06 00:00:00,INACTIVO,CORPORACION ELECTRICA DE LA COSTA ATLANTICA S.A. E.S.P.,GAS,NORMAL
Unt0042,TEBSA 12,TBS2,97,0,NO,DESPACHADO CENTRALMENTE,TERMICA,1996-08-06 00:00:00,INACTIVO,CORPORACION ELECTRICA DE LA COSTA ATLANTICA S.A. E.S.P.,GAS,NORMAL
Unt0043,TEBSA 13,TBS3,97,0,NO,DESPACHADO CENTRALMENTE,TERMICA,1996-08-06 00:00:00,INACTIVO,CORPORACION ELECTRICA DE LA COSTA ATLANTICA S.A. E.S.P.,GAS,NORMAL
Unt0044,TEBSA 14,TBS4,170,0,NO,DESPACHADO CENTRALMENTE,TERMICA,1996-06-06 00:00:00,INACTIVO,CORPORACION ELECTRICA DE LA COSTA ATLANTICA S.A. E.S.P.,GAS,NORMAL
Unt0045,TEBSA 21,TBSA,"97,7",0,NO,DESPACHADO CENTRALMENTE,TERMICA,8/23/1997 12:00:00 AM,INACTIVO,CORPORACION ELECTRICA DE LA COSTA ATLANTICA S.A. E.S.P.,GAS,NORMAL
Unt0046,TEBSA 22,TB22,"97,7",0,NO,DESPACHADO CENTRALMENTE,TERMICA,1997-02-09 00:00:00,INACTIVO,CORPORACION ELECTRICA DE LA COSTA ATLANTICA S.A. E.S.P.,GAS,NORMAL
Unt0047,TEBSA 24,ST24,170,0,NO,DESPACHADO CENTRALMENTE,TERMICA,7/14/1998 12:00:00 AM,INACTIVO,CORPORACION ELECTRICA DE LA COSTA ATLANTICA S.A. E.S.P.,GAS,NORMAL
Unt0048,TERMOGUALANDAY 1,TGL1,"19,9",0,SI,NO DESPACHADO CENTRALMENTE,TERMICA,2004-01-09 00:00:00,INACTIVO,ELECTRIFICADORA DEL HUILA S.A. E.S.P.,GAS,NORMAL
Unt0049,TOPON 1,TOP1,106,0,NO,DESPACHADO CENTRALMENTE,TERMICA,1998-01-02 00:00:00,INACTIVO,TERMO SANTANDER DE COLOMBIA S.C.A. E.S.P.,GAS,NORMAL
Unt0050,TOPON 2,TOP2,106,0,NO,DESPACHADO CENTRALMENTE,TERMICA,1998-09-03 00:00:00,INACTIVO,TERMO SANTANDER DE COLOMBIA S.C.A. E.S.P.,GAS,NORMAL
Unt0051,YUMBO 1,YMB1,7,0,NO,DESPACHADO CENTRALMENTE,TERMICA,1950-01-01 00:00:00,INACTIVO,CENTRAL HIDROELECTRICA DEL RIO ANCHICAYA S.A. E.S.P.,CARBON,NORMAL
Unt0052,YUMBO 2,YMB2,7,0,NO,DESPACHADO CENTRALMENTE,TERMICA,1950-01-01 00:00:00,INACTIVO,CENTRAL HIDROELECTRICA DEL RIO ANCHICAYA S.A. E.S.P.,CARBON,NORMAL
Unt0053,YUMBO 3,YMB3,29,0,NO,DESPACHADO CENTRALMENTE,TERMICA,7/20/1995 12:00:00 AM,INACTIVO,EMPRESA DE ENERGIA DEL PACIFICO S.A. E.S.P.,CARBON,NORMAL
Unt0056,EL RIO 8,ERO8,11,0,NO,DESPACHADO CENTRALMENTE,TERMICA,1972-01-01 00:00:00,INACTIVO,ELECTRIFICADORA DEL ATLANTICO S.A. E.S.P.,GAS,NORMAL
Unt0057,LA UNION 1,LNN1,8,0,NO,DESPACHADO CENTRALMENTE,TERMICA,1971-01-01 00:00:00,INACTIVO,ELECTRIFICADORA DEL ATLANTICO S.A. E.S.P.,GAS,NORMAL
Unt0058,LA UNION 2,LNN2,9,0,NO,DESPACHADO CENTRALMENTE,TERMICA,1971-01-01 00:00:00,INACTIVO,ELECTRIFICADORA DEL ATLANTICO S.A. E.S.P.,GAS,NORMAL
Unt0059,LA UNION 3,LNN3,18,0,NO,DESPACHADO CENTRALMENTE,TERMICA,1971-01-01 00:00:00,INACTIVO,ELECTRIFICADORA DEL ATLANTICO S.A. E.S.P.,GAS,NORMAL
Unt0060,COSPIQUE 1,CSP1,4,0,NO,DESPACHADO CENTRALMENTE,TERMICA,1960-01-01 00:00:00,INACTIVO,ELECTRIFICADORA DE BOLIVAR S.A. E.S.P.,GAS,NORMAL
Unt0061,COSPIQUE 2,CSP2,4,0,NO,DESPACHADO CENTRALMENTE,TERMICA,1960-01-01 00:00:00,INACTIVO,ELECTRIFICADORA DE BOLIVAR S.A. E.S.P.,GAS,NORMAL
Unt0062,COSPIQUE 3,CSP3,8,0,NO,DESPACHADO CENTRALMENTE,TERMICA,1967-01-01 00:00:00,INACTIVO,ELECTRIFICADORA DE BOLIVAR S.A. E.S.P.,GAS,NORMAL
Unt0063,COSPIQUE 4,CSP4,8,0,NO,DESPACHADO CENTRALMENTE,TERMICA,1966-01-01 00:00:00,INACTIVO,ELECTRIFICADORA DE BOLIVAR S.A. E.S.P.,GAS,NORMAL
Unt0064,COSPIQUE 5,CSP5,11,0,NO,DESPACHADO CENTRALMENTE,TERMICA,1965-01-01 00:00:00,INACTIVO,ELECTRIFICADORA DE BOLIVAR S.A. E.S.P.,GAS,NORMAL
Unt0065,LA UNION 4,LNN4,9,0,NO,DESPACHADO CENTRALMENTE,TERMICA,1971-01-01 00:00:00,INACTIVO,ELECTRIFICADORA DEL ATLANTICO S.A. E.S.P.,GAS,NORMAL
Unt0066,PALENQUE 4,PLQ4,14,0,NO,DESPACHADO CENTRALMENTE,TERMICA,7/20/1995 12:00:00 AM,INACTIVO,ELECTRIFICADORA DE SANTANDER S.A. E.S.P.,GAS,NORMAL
Unt0067,PTAR 1,PTR1,1,0,SI,NO DESPACHADO CENTRALMENTE,TERMICA,2005-01-11 00:00:00,PRUEBAS,EMPRESAS MUNICIPALES DE CALI E.I.C.E. E.S.P.,GAS,NORMAL
Unt0068,RIOMAR 1,RMAR,9,0,NO,DESPACHADO CENTRALMENTE,TERMICA,7/20/1995 12:00:00 AM,INACTIVO,ELECTRIFICADORA DEL ATLANTICO S.A. E.S.P.,GAS,NORMAL
Unt0069,TIBU 1,TBU1,5,0,NO,DESPACHADO CENTRALMENTE,TERMICA,1965-01-01 00:00:00,INACTIVO,CENTRALES ELECTRICAS DEL NORTE DE SANTANDER S.A. E.S.P.,COMBUSTOLEO,NORMAL
Unt0070,TIBU 2,TBU2,5,0,NO,DESPACHADO CENTRALMENTE,TERMICA,1965-01-01 00:00:00,INACTIVO,CENTRALES ELECTRICAS DEL NORTE DE SANTANDER S.A. E.S.P.,COMBUSTOLEO,NORMAL
Unt0071,TIBU 3,TBU3,5,0,NO,DESPACHADO CENTRALMENTE,TERMICA,1965-01-01 00:00:00,INACTIVO,CENTRALES ELECTRICAS DEL NORTE DE SANTANDER S.A. E.S.P.,COMBUSTOLEO,NORMAL
Unt0074,VALLE 1,VLL1,"39,5",0,NO,DESPACHADO CENTRALMENTE,TERMICA,1994-01-01 00:00:00,INACTIVO,CENTRAL HIDROELECTRICA DE BETANIA S.A. E.S.P.,ACPM,NORMAL
Unt0078,FLORES 2,TFL2,112,100025,NO,DESPACHADO CENTRALMENTE,TERMICA,1996-02-04 00:00:00,INACTIVO,TERMOFLORES S.A. E.S.P.,GAS,NORMAL
Unt0090,GUAJIRA 1,TGJ1,145,9997,NO,DESPACHADO CENTRALMENTE,TERMICA,1983-08-08 00:00:00,OPERACION,GENERADORA Y COMERCIALIZADORA DE ENERGIA DEL CARIBE S.A. E.S.P.,CARBON,NORMAL
Unt0091,GUAJIRA 2,TGJ2,145,9773,NO,DESPACHADO CENTRALMENTE,TERMICA,11/23/1987 12:00:00 AM,OPERACION,GENERADORA Y COMERCIALIZADORA DE ENERGIA DEL CARIBE S.A. E.S.P.,CARBON,NORMAL
Unt0129,PAIPA 1,PPA1,36,119554,NO,DESPACHADO CENTRALMENTE,TERMICA,1963-01-01 00:00:00,OPERACION,GESTION ENERGETICA S.A. E.S.P.,CARBON,NORMAL
Unt0130,PAIPA 2,PPA2,72,1118401,NO,DESPACHADO CENTRALMENTE,TERMICA,1975-01-01 00:00:00,OPERACION,GESTION ENERGETICA S.A. E.S.P.,CARBON,NORMAL
Unt0131,PAIPA 3,PPA3,70,1046425,NO,DESPACHADO CENTRALMENTE,TERMICA,1982-06-05 00:00:00,OPERACION,GESTION ENERGETICA S.A. E.S.P.,CARBON,NORMAL
Unt0132,PALENQUE 3,PLQ3,13,143162,NO,DESPACHADO CENTRALMENTE,TERMICA,1972-01-01 00:00:00,INACTIVO,ELECTRIFICADORA DE SANTANDER S.A. E.S.P.,GAS,NORMAL
Unt0144,PROELECTRICA 1,PRG1,45,82719,NO,DESPACHADO CENTRALMENTE,TERMICA,1993-01-07 00:00:00,OPERACION,PROELECTRICA S.A.S E.S.P.,GAS,NORMAL
Unt0145,PROELECTRICA 2,PRG2,45,80707,NO,DESPACHADO CENTRALMENTE,TERMICA,1993-01-07 00:00:00,OPERACION,PROELECTRICA S.A.S E.S.P.,GAS,NORMAL
Unt0177,TASAJERO 1,TSJ1,163,91268,NO,DESPACHADO CENTRALMENTE,TERMICA,2/20/1985 12:00:00 AM,OPERACION,TERMOTASAJERO S.A. E.S.P.,CARBON,NORMAL
Unt0192,ZIPAEMG 2,ZPA2,36,114401,NO,DESPACHADO CENTRALMENTE,TERMICA,1964-01-01 00:00:00,OPERACION,EMGESA S.A. E.S.P.,CARBON,NORMAL
Unt0193,ZIPAEMG 3,ZPA3,63,128203,NO,DESPACHADO CENTRALMENTE,TERMICA,1976-01-01 00:00:00,OPERACION,EMGESA S.A. E.S.P.,CARBON,NORMAL
Unt0194,ZIPAEMG 4,ZPA4,64,129999,NO,DESPACHADO CENTRALMENTE,TERMICA,1981-01-04 00:00:00,OPERACION,EMGESA S.A. E.S.P.,CARBON,NORMAL
Unt0195,ZIPAEMG 5,ZPA5,63,126678,NO,DESPACHADO CENTRALMENTE,TERMICA,12/14/1985 12:00:00 AM,OPERACION,EMGESA S.A. E.S.P.,CARBON,NORMAL
Unt0293,TERMODORADA 1,TDR1,44,105559,NO,DESPACHADO CENTRALMENTE,TERMICA,1997-11-08 00:00:00,OPERACION,EMPRESAS PUBLICAS DE MEDELLIN E.S.P.,JET-A1,NORMAL
Unt0307,TERMOSIERRA 1,TSR2,150,99873,NO,DESPACHADO CENTRALMENTE,TERMICA,1/16/1998 12:00:00 AM,INACTIVO,EMPRESAS PUBLICAS DE MEDELLIN E.S.P.,GAS,NORMAL
Unt0308,TERMOSIERRA 2,TSR2,144,99243,NO,DESPACHADO CENTRALMENTE,TERMICA,3/28/1998 12:00:00 AM,INACTIVO,EMPRESAS PUBLICAS DE MEDELLIN E.S.P.,GAS,NORMAL
Unt0309,MERILECTRICA 1,MRL1,167,97655,NO,DESPACHADO CENTRALMENTE,TERMICA,1998-05-02 00:00:00,OPERACION,CELSIA COLOMBIA S.A. E.S.P.,GAS,NORMAL
Unt0310,FLORES 3,TFL3,169,96022,NO,DESPACHADO CENTRALMENTE,TERMICA,4/28/1998 12:00:00 AM,INACTIVO,TERMOFLORES S.A. E.S.P.,GAS,NORMAL
Unt0324,PAIPA 4,PPA4,160,864851,NO,DESPACHADO CENTRALMENTE,TERMICA,1999-08-01 00:00:00,OPERACION,COMPAÑÍA ELÉCTRICA DE SOCHAGOTA  S.A. E.S.P.,CARBON,NORMAL
Unt0379,TERMOPIEDRAS,TPD1,"3,75",0,SI,NO DESPACHADO CENTRALMENTE,TERMICA,12/30/1999 12:00:00 AM,OPERACION,TERMOPIEDRAS S.A. E.S.P.,GAS,NORMAL
Unt0380,TERMOCANDELARIA 1,TCD1,157,102219,NO,DESPACHADO CENTRALMENTE,TERMICA,5/18/2000 12:00:00 AM,OPERACION,TERMOCANDELARIA S.C.A. E.S.P.,GAS,NORMAL
Unt0381,TERMOCANDELARIA 2,TCD2,157,102165,NO,DESPACHADO CENTRALMENTE,TERMICA,7/13/2000 12:00:00 AM,OPERACION,TERMOCANDELARIA S.C.A. E.S.P.,GAS,NORMAL
Unt0413,TERMOSIERRA 3,TSR3,166,5978,NO,DESPACHADO CENTRALMENTE,TERMICA,1/27/2001 12:00:00 AM,INACTIVO,EMPRESAS PUBLICAS DE MEDELLIN E.S.P.,GAS,NORMAL
Unt0432,TERMOCENTRO 1,TRM2,97,0,NO,DESPACHADO CENTRALMENTE,TERMICA,2/22/1997 12:00:00 AM,INACTIVO,ISAGEN S.A. E.S.P.,GAS,NORMAL
Unt0433,TERMOCENTRO 2,TRM2,96,0,NO,DESPACHADO CENTRALMENTE,TERMICA,3/21/1997 12:00:00 AM,INACTIVO,ISAGEN S.A. E.S.P.,GAS,NORMAL
Unt0445,CIMARRON,CIMR,"19,9","13,5",SI,NO DESPACHADO CENTRALMENTE,TERMICA,8/18/2007 12:00:00 AM,INACTIVO,TERMOYOPAL GENERACION 2 S.A.S E.S.P.,GAS,NORMAL
Unt0446,EL MORRO 2,CTM2,"19,9","13,84",SI,NO DESPACHADO CENTRALMENTE,TERMICA,2007-09-08 00:00:00,INACTIVO,TERMOYOPAL GENERACION 2 S.A.S E.S.P.,GAS,NORMAL
Unt0447,EL MORRO 1,CTM1,"19,9","12,4",SI,NO DESPACHADO CENTRALMENTE,TERMICA,5/23/2007 12:00:00 AM,INACTIVO,TERMOYOPAL GENERACION 2 S.A.S E.S.P.,GAS,NORMAL
Unt0448,TERMOCOA 1,TOCG,"19,9",0,SI,NO DESPACHADO CENTRALMENTE,TERMICA,2003-08-11 00:00:00,INACTIVO,ELECTRIFICADORA DEL META S.A. E.S.P.,GAS,NORMAL
Unt0449,GECELCA 3,GEC3,164,101434,NO,DESPACHADO CENTRALMENTE,TERMICA,9/17/2015 12:00:00 AM,OPERACION,GENERADORA Y COMERCIALIZADORA DE ENERGIA DEL CARIBE S.A. E.S.P.,CARBON,NORMAL
Unt0450,PURIFICACION,PRF1,8,11148,SI,NO DESPACHADO CENTRALMENTE,TERMICA,11/25/2014 12:00:00 AM,INACTIVO,SURENERGY S.A.S. E.S.P.,GAS,NORMAL
Unt0451,TASAJERO 2,TSJ2,170,97214,NO,DESPACHADO CENTRALMENTE,TERMICA,11/30/2015 12:00:00 AM,OPERACION,TERMOTASAJERO DOS S.A. E.S.P.,CARBON,NORMAL
Unt0452,TERMOBOLIVAR 1,TMB1,"9,7",0,SI,NO DESPACHADO CENTRALMENTE,TERMICA,2016-04-03 00:00:00,OPERACION,GENERSA S.A.S. E.S.P..,GAS,NORMAL
Unt0453,AUTOG ARGOS CARTAGENA,ARG1,"9,9",0,NO,NO DESPACHADO CENTRALMENTE,TERMICA,3/15/2016 12:00:00 AM,OPERACION,CELSIA COLOMBIA S.A. E.S.P.,GAS,AUTOGENERADOR
Unt0454,AUTOG ARGOS SOGAMOSO,2V25,5,0,NO,NO DESPACHADO CENTRALMENTE,TERMICA,2018-02-10 00:00:00,OPERACION,EMPRESAS PUBLICAS DE MEDELLIN E.S.P.,CARBON,AUTOGENERADOR
Unt0455,AUTOG ARGOS TOLUVIEJO,2S8G,"3,7",0,NO,NO DESPACHADO CENTRALMENTE,TERMICA,2016-03-03 00:00:00,PRUEBAS,CELSIA COLOMBIA S.A. E.S.P.,CARBON,AUTOGENERADOR
Unt0456,AUTOG ARGOS YUMBO,2S6S,"9,9",0,NO,NO DESPACHADO CENTRALMENTE,TERMICA,3/20/2016 12:00:00 AM,OPERACION,CELSIA COLOMBIA S.A. E.S.P.,CARBON,AUTOGENERADOR
Unt0457,AUTOG UNIBOL,UNIB,"1,1",0,NO,NO DESPACHADO CENTRALMENTE,TERMICA,3/20/2016 12:00:00 AM,OPERACION,DEPI ENERGY S.A.S. E.S.P.,GAS,AUTOGENERADOR
Unt0458,AUTOG YAGUARITO,2S6Q,"1,6",0,NO,NO DESPACHADO CENTRALMENTE,TERMICA,3/22/2016 12:00:00 AM,OPERACION,ELECTRIFICADORA DEL META S.A. E.S.P.,BIOGAS,AUTOGENERADOR
Unt0460,AUTOG ECOPETROL GRB,TMPS,15,0,NO,NO DESPACHADO CENTRALMENTE,TERMICA,2100-06-04 00:00:00,INACTIVO,EMGESA S.A. E.S.P.,GAS,AUTOGENERADOR
Unt0461,AUTOG REFICAR,2S8I,"9,9",0,NO,NO DESPACHADO CENTRALMENTE,TERMICA,4/26/2016 12:00:00 AM,OPERACION,PROELECTRICA S.A.S E.S.P.,GAS,AUTOGENERADOR
Unt0462,DOÑA JUANA,2S8S,"1,7",0,SI,NO DESPACHADO CENTRALMENTE,TERMICA,4/29/2016 12:00:00 AM,OPERACION,BIOGAS DOÑA JUANA S.A.S. E.S.P,BIOGAS,NORMAL
Unt0463,TEQUENDAMA BIOGAS,2S9Q,"2,25",0,SI,NO DESPACHADO CENTRALMENTE,TERMICA,6/25/2016 12:00:00 AM,OPERACION,VOLTAJE EMPRESARIAL S.A.S. E.S.P.,BIOGAS,NORMAL
Unt0470,AUTOG CELSIA SOLAR YUMBO,2TYI,"9,8",1,NO,NO DESPACHADO CENTRALMENTE,SOLAR,2017-03-09 00:00:00,OPERACION,CELSIA COLOMBIA S.A. E.S.P.,RAD SOLAR,AUTOGENERADOR
Unt0471,PROENCA II,2U5P,17,"0,1",SI,NO DESPACHADO CENTRALMENTE,TERMICA,2017-10-10 00:00:00,OPERACION,PROYECTOS ENERGETICOS DEL CAUCA S.A. E.S.P.,CARBON,NORMAL
Unt0472,GECELCA 32,GE32,273,8699,NO,DESPACHADO CENTRALMENTE,TERMICA,9/28/2018 12:00:00 AM,OPERACION,GENERADORA Y COMERCIALIZADORA DE ENERGIA DEL CARIBE S.A. E.S.P.,CARBON,NORMAL
Unt0474,TERMOMECHERO 4,2U93,"19,3",0,SI,NO DESPACHADO CENTRALMENTE,TERMICA,2018-02-02 00:00:00,OPERACION,TERMO MECHERO MORRO S.A.S E.S.P,GAS,NORMAL
Unt0475,TERMOMECHERO 5,2U8Y,"19,3",0,SI,NO DESPACHADO CENTRALMENTE,TERMICA,12/16/2017 12:00:00 AM,OPERACION,TERMO MECHERO MORRO S.A.S E.S.P,GAS,NORMAL
Unt0476,TERMOMECHERO 6,2U91,"19,3",0,SI,NO DESPACHADO CENTRALMENTE,TERMICA,2018-02-02 00:00:00,OPERACION,TERMO MECHERO MORRO S.A.S E.S.P,GAS,NORMAL
Unt0477,AUTOG COCA-COLA FEMSA,2V27,"2,44",1,NO,NO DESPACHADO CENTRALMENTE,TERMICA,7/25/2018 12:00:00 AM,OPERACION,EMPRESAS PUBLICAS DE MEDELLIN E.S.P.,GAS,AUTOGENERADOR
Unt0479,CELSIA SOLAR BOLIVAR,2VJS,"8,06",1,SI,NO DESPACHADO CENTRALMENTE,SOLAR,2019-03-02 00:00:00,OPERACION,CELSIA COLOMBIA S.A. E.S.P.,RAD SOLAR,NORMAL
Unt0490,AUTOG FAMILIA,2W4Y,1,1,NO,NO DESPACHADO CENTRALMENTE,TERMICA,3/23/2019 12:00:00 AM,INACTIVO,AXIA ENERGIA S.A.S. E.S.P.,GAS,AUTOGENERADOR
Unt0491,TERMOCAPACHOS,2WFN,"9,9",0,SI,NO DESPACHADO CENTRALMENTE,TERMICA,2019-04-08 00:00:00,OPERACION,GENERSA S.A.S. E.S.P..,GAS,NORMAL
Unt0494,TERMOYOPAL G3,TYP3,50,84932,NO,DESPACHADO CENTRALMENTE,TERMICA,8/31/2020 12:00:00 AM,OPERACION,TERMOYOPAL GENERACION 2 S.A.S E.S.P.,GAS,NORMAL
Unt0495,TERMOYOPAL G4,TYP4,50,"8,1",NO,DESPACHADO CENTRALMENTE,TERMICA,8/31/2020 12:00:00 AM,OPERACION,TERMOYOPAL GENERACION 2 S.A.S E.S.P.,GAS,NORMAL
Unt0496,TERMOYOPAL G5,TYP5,50,83937,NO,DESPACHADO CENTRALMENTE,TERMICA,2022-01-01 00:00:00,OPERACION,TERMOYOPAL GENERACION 2 S.A.S E.S.P.,GAS,NORMAL
Unt0497,AUTOG TERMOSURIA,2XXX,"19,9",0,NO,NO DESPACHADO CENTRALMENTE,TERMICA,10/31/2019 12:00:00 AM,INACTIVO,ELECTRIFICADORA DEL META S.A. E.S.P.,GAS,AUTOGENERADOR
Unt0498,AUTOG CDS TM2500,2Y2T,"19,9",0,NO,NO DESPACHADO CENTRALMENTE,TERMICA,10/31/2019 12:00:00 AM,OPERACION,ELECTRIFICADORA DEL META S.A. E.S.P.,GAS,AUTOGENERADOR
Unt0499,AGPE - ECOPETROL LA HORMIGA,2XXR,1,1,NO,NO DESPACHADO CENTRALMENTE,TERMICA,9/16/2019 12:00:00 AM,OPERACION,ENERCO S.A. E.S.P.,GAS,AUTOG PEQ. ESCALA
Unt0500,AUTOG ECOPETROL ORITO,2YB9,4,1,NO,NO DESPACHADO CENTRALMENTE,TERMICA,10/30/2019 12:00:00 AM,PRUEBAS,ENERCO S.A. E.S.P.,GAS,AUTOGENERADOR
Unt0505,AUTOG TURGAS,2YWY,"3,5",1,NO,NO DESPACHADO CENTRALMENTE,TERMICA,2020-08-02 00:00:00,OPERACION,TERMOPIEDRAS S.A. E.S.P.,GAS,AUTOGENERADOR
Unt0506,AUTOG FERTICOL,2YQO,17,1,NO,NO DESPACHADO CENTRALMENTE,TERMICA,2/28/2020 12:00:00 AM,OPERACION,CEMEX ENERGY S.A.S E.S.P.,GAS,AUTOGENERADOR
Unt0514,AGPE ENTREPALMAS,3AL6,"0,5",0,NO,NO DESPACHADO CENTRALMENTE,TERMICA,12/31/2020 12:00:00 AM,OPERACION,CELSIA COLOMBIA S.A. E.S.P.,BIOGAS,AUTOG PEQ. ESCALA
